time,function,anomaly_score
0.0,0.0,1,0,1.0,0.5
0.05,0.0,2,0,1.0,0.5
0.1,0.0,3,0,1.0,0.5
0.15,1.0,4,0,0.92500000000000004,0.5
0.2,0.0,1,0,1.0,0.5
0.25,0.0,2,0,0.0,0.5
0.3,0.0,3,0,0.0,0.5
0.35,1.0,4,0,0.0,0.5
0.4,0.0,1,0,0.0,0.5
0.45,0.0,2,0,0.0,0.5
0.5,0.0,3,0,0.0,0.5
0.55,1.0,4,0,0.0,0.5
0.6,0.0,1,0,0.0,0.5
0.65,0.0,2,0,0.0,0.5
0.7,0.0,3,0,0.0,0.5
0.75,1.0,4,0,0.0,0.5
0.8,0.0,1,0,0.0,0.5
0.85,0.0,2,0,0.0,0.5
0.9,0.0,3,0,0.0,0.5
0.95,1.0,4,0,0.0,0.5
1.0,0.0,1,0,0.0,0.5
1.05,0.0,2,0,0.0,0.5
1.1,0.0,3,0,0.0,0.5
1.15,1.0,4,0,0.0,0.5
1.2,0.0,1,0,0.0,0.5
1.25,0.0,2,0,0.0,0.5
1.3,0.0,3,0,0.0,0.5
1.35,1.0,4,0,0.0,0.5
1.4,0.0,1,0,0.0,0.5
1.45,0.0,2,0,0.0,0.5
1.5,0.0,3,0,0.0,0.5
1.55,1.0,4,0,0.0,0.5
1.6,0.0,1,0,0.0,0.5
1.65,0.0,2,0,0.0,0.5
1.7,0.0,3,0,0.92500000000000004,0.5
1.75,1.0,4,0,0.0,0.5
1.8,0.0,1,0,0.0,0.5
1.85,0.0,2,0,0.0,0.5
1.9,0.0,3,0,0.92500000000000004,0.5
1.95,1.0,4,0,0.0,0.5
2.0,0.0,1,0,0.0,0.5
2.05,0.0,2,0,0.0,0.5
2.1,0.0,3,0,0.0,0.5
2.15,1.0,4,0,0.0,0.5
2.2,0.0,1,0,0.0,0.5
2.25,0.0,2,0,0.0,0.5
2.3,0.0,3,0,0.0,0.5
2.35,1.0,4,0,0.0,0.5
2.4,0.0,1,0,0.0,0.5
2.45,0.0,2,0,0.0,0.5
2.5,0.0,3,0,0.0,0.5
2.55,1.0,4,0,0.0,0.5
2.6,0.0,1,0,0.0,0.5
2.65,0.0,2,0,0.0,0.5
2.7,0.0,3,0,0.0,0.5
2.75,1.0,4,0,0.0,0.5
2.8,0.0,1,0,0.0,0.5
2.85,0.0,2,0,0.0,0.5
2.9,0.0,3,0,0.0,0.5
2.95,1.0,4,0,0.0,0.5
3.0,0.0,1,0,0.0,0.5
3.05,0.0,2,0,0.0,0.5
3.1,0.0,3,0,0.0,0.5
3.15,1.0,4,0,0.0,0.5
3.2,0.0,1,0,0.0,0.5
3.25,0.0,2,0,0.0,0.5
3.3,0.0,3,0,0.0,0.5
3.35,1.0,4,0,0.0,0.5
3.4,0.0,1,0,0.0,0.5
3.45,0.0,2,0,0.0,0.5
3.5,0.0,3,0,0.0,0.5
3.55,1.0,4,0,0.0,0.5
3.6,0.0,1,0,0.0,0.5
3.65,0.0,2,0,0.0,0.5
3.7,0.0,3,0,0.0,0.5
3.75,1.0,4,0,0.0,0.5
3.8,0.0,1,0,0.0,0.5
3.85,0.0,2,0,0.0,0.5
3.9,0.0,3,0,0.0,0.5
3.95,1.0,4,0,0.0,0.5
4.0,0.0,1,0,0.0,0.5
4.05,0.0,2,0,0.0,0.5
4.1,0.0,3,0,0.0,0.5
4.15,1.0,4,0,0.0,0.5
4.2,0.0,1,0,0.0,0.5
4.25,0.0,2,0,0.0,0.5
4.3,0.0,3,0,0.0,0.5
4.35,1.0,4,0,0.0,0.5
4.4,0.0,1,0,0.0,0.5
4.45,0.0,2,0,0.0,0.5
4.5,0.0,3,0,0.0,0.5
4.55,1.0,4,0,0.0,0.5
4.6,0.0,1,0,0.0,0.5
4.65,0.0,2,0,0.0,0.5
4.7,0.0,3,0,0.0,0.5
4.75,1.0,4,0,0.0,0.5
4.8,0.0,1,0,0.0,0.5
4.85,0.0,2,0,0.0,0.5
4.9,0.0,3,0,0.0,0.5
4.95,1.0,4,0,0.0,0.5
5.0,0.0,1,0,0.0,0.5
5.05,0.0,2,0,0.0,0.5
5.1,0.0,3,0,0.0,0.5
5.15,1.0,4,0,0.0,0.5
5.2,0.0,1,0,0.0,0.5
5.25,0.0,2,0,0.0,0.5
5.3,0.0,3,0,0.0,0.5
5.35,1.0,4,0,0.0,0.5
5.4,0.0,1,0,0.0,0.5
5.45,0.0,2,0,0.0,0.5
5.5,0.0,3,0,0.0,0.5
5.55,1.0,4,0,0.0,0.5
5.6,0.0,1,0,0.0,0.5
5.65,0.0,2,0,0.0,0.5
5.7,0.0,3,0,0.0,0.5
5.75,1.0,4,0,0.0,0.5
5.8,0.0,1,0,0.0,0.5
5.85,0.0,2,0,0.0,0.5
5.9,0.0,3,0,0.0,0.5
5.95,1.0,4,0,0.0,0.5
6.0,0.0,1,0,0.0,0.5
6.05,0.0,2,0,0.0,0.5
6.1,0.0,3,0,0.0,0.5
6.15,1.0,4,0,0.0,0.5
6.2,0.0,1,0,0.0,0.5
6.25,0.0,2,0,0.0,0.5
6.3,0.0,3,0,0.0,0.5
6.35,1.0,4,0,0.0,0.5
6.4,0.0,1,0,0.0,0.5
6.45,0.0,2,0,0.0,0.5
6.5,0.0,3,0,0.0,0.5
6.55,1.0,4,0,0.0,0.5
6.6,0.0,1,0,0.0,0.5
6.65,0.0,2,0,0.0,0.5
6.7,0.0,3,0,0.0,0.5
6.75,1.0,4,0,0.0,0.5
6.8,0.0,1,0,0.0,0.5
6.85,0.0,2,0,0.0,0.5
6.9,0.0,3,0,0.0,0.5
6.95,1.0,4,0,0.0,0.5
7.0,0.0,1,0,0.0,0.5
7.05,0.0,2,0,0.0,0.5
7.1,0.0,3,0,0.0,0.5
7.15,1.0,4,0,0.0,0.5
7.2,0.0,1,0,0.0,0.5
7.25,0.0,2,0,0.0,0.5
7.3,0.0,3,0,0.0,0.5
7.35,1.0,4,0,0.0,0.5
7.4,0.0,1,0,0.0,0.5
7.45,0.0,2,0,0.0,0.5
7.5,0.0,3,0,0.0,0.5
7.55,1.0,4,0,0.0,0.5
7.6,0.0,1,0,0.0,0.5
7.65,0.0,2,0,0.0,0.5
7.7,0.0,3,0,0.0,0.5
7.75,1.0,4,0,0.0,0.5
7.8,0.0,1,0,0.0,0.5
7.85,0.0,2,0,0.0,0.5
7.9,0.0,3,0,0.0,0.5
7.95,1.0,4,0,0.0,0.5
8.0,0.0,1,0,0.0,0.5
8.05,0.0,2,0,0.0,0.5
8.1,0.0,3,0,0.0,0.5
8.15,1.0,4,0,0.0,0.5
8.2,0.0,1,0,0.0,0.5
8.25,0.0,2,0,0.0,0.5
8.3,0.0,3,0,0.0,0.5
8.35,1.0,4,0,0.0,0.5
8.4,0.0,1,0,0.0,0.5
8.45,0.0,2,0,0.0,0.5
8.5,0.0,3,0,0.0,0.5
8.55,1.0,4,0,0.0,0.5
8.6,0.0,1,0,0.0,0.5
8.65,0.0,2,0,0.0,0.5
8.7,0.0,3,0,0.0,0.5
8.75,1.0,4,0,0.0,0.5
8.8,0.0,1,0,0.0,0.5
8.85,0.0,2,0,0.0,0.5
8.9,0.0,3,0,0.0,0.5
8.95,1.0,4,0,0.025000000000000001,0.5
9.0,0.0,1,0,0.0,0.5
9.05,0.0,2,0,0.0,0.5
9.1,0.0,3,0,0.0,0.5
9.15,1.0,4,0,0.0,0.5
9.2,0.0,1,0,0.0,0.5
9.25,0.0,2,0,0.0,0.5
9.3,0.0,3,0,0.0,0.5
9.35,1.0,4,0,0.0,0.5
9.4,0.0,1,0,0.0,0.5
9.45,0.0,2,0,0.0,0.5
9.5,0.0,3,0,0.0,0.5
9.55,1.0,4,0,0.0,0.5
9.6,0.0,1,0,0.0,0.5
9.65,0.0,2,0,0.0,0.5
9.7,0.0,3,0,0.0,0.5
9.75,1.0,4,0,0.0,0.5
9.8,0.0,1,0,0.0,0.5
9.85,0.0,2,0,0.0,0.5
9.9,0.0,3,0,0.0,0.5
9.95,1.0,4,0,0.0,0.5
10.0,0.0,1,0,0.0,0.5
10.05,0.0,2,0,0.0,0.5
10.1,0.0,3,0,0.0,0.5
10.15,1.0,4,0,0.0,0.5
10.2,0.0,1,0,0.0,0.5
10.25,0.0,2,0,0.0,0.5
10.3,0.0,3,0,0.0,0.5
10.35,1.0,4,0,0.0,0.5
10.4,0.0,1,0,0.0,0.5
10.45,0.0,2,0,0.0,0.5
10.5,0.0,3,0,0.0,0.5
10.55,1.0,4,0,0.0,0.5
10.6,0.0,1,0,0.0,0.5
10.65,0.0,2,0,0.0,0.5
10.7,0.0,3,0,0.0,0.5
10.75,1.0,4,0,0.0,0.5
10.8,0.0,1,0,0.0,0.5
10.85,0.0,2,0,0.0,0.5
10.9,0.0,3,0,0.0,0.5
10.95,1.0,4,0,0.0,0.5
11.0,0.0,1,0,0.0,0.5
11.05,0.0,2,0,0.0,0.5
11.1,0.0,3,0,0.0,0.5
11.15,1.0,4,0,0.0,0.5
11.2,0.0,1,0,0.0,0.5
11.25,0.0,2,0,0.0,0.5
11.3,0.0,3,0,0.0,0.5
11.35,1.0,4,0,0.0,0.5
11.4,0.0,1,0,0.0,0.5
11.45,0.0,2,0,0.0,0.5
11.5,0.0,3,0,0.0,0.5
11.55,1.0,4,0,0.0,0.5
11.6,0.0,1,0,0.0,0.5
11.65,0.0,2,0,0.0,0.5
11.7,0.0,3,0,0.0,0.5
11.75,1.0,4,0,0.0,0.5
11.8,0.0,1,0,0.0,0.5
11.85,0.0,2,0,0.0,0.5
11.9,0.0,3,0,0.0,0.5
11.95,1.0,4,0,0.0,0.5
12.0,0.0,1,0,0.0,0.5
12.05,0.0,2,0,0.0,0.5
12.1,0.0,3,0,0.0,0.5
12.15,1.0,4,0,0.0,0.5
12.2,0.0,1,0,0.0,0.5
12.25,0.0,2,0,0.0,0.5
12.3,0.0,3,0,0.0,0.5
12.35,1.0,4,0,0.0,0.5
12.4,0.0,1,0,0.0,0.5
12.45,0.0,2,0,0.0,0.5
12.5,0.0,3,0,0.0,0.5
12.55,1.0,4,0,0.0,0.5
12.6,0.0,1,0,0.0,0.5
12.65,0.0,2,0,0.0,0.5
12.7,0.0,3,0,0.0,0.5
12.75,1.0,4,0,0.0,0.5
12.8,0.0,1,0,0.0,0.5
12.85,0.0,2,0,0.0,0.5
12.9,0.0,3,0,0.0,0.5
12.95,1.0,4,0,0.0,0.5
13.0,0.0,1,0,0.025000000000000001,0.5
13.05,0.0,2,0,0.025000000000000001,0.5
13.1,0.0,3,0,0.025000000000000001,0.5
13.15,1.0,4,0,0.0,0.5
13.2,0.0,1,0,0.025000000000000001,0.5
13.25,0.0,2,0,0.025000000000000001,0.5
13.3,0.0,3,0,0.025000000000000001,0.5
13.35,1.0,4,0,0.0,0.5
13.4,0.0,1,0,0.025000000000000001,0.5
13.45,0.0,2,0,0.025000000000000001,0.5
13.5,0.0,3,0,0.025000000000000001,0.5
13.55,1.0,4,0,0.0,0.5
13.6,0.0,1,0,0.025000000000000001,0.5
13.65,0.0,2,0,0.025000000000000001,0.5
13.7,0.0,3,0,0.025000000000000001,0.5
13.75,1.0,4,0,0.0,0.5
13.8,0.0,1,0,0.0,0.5
13.85,0.0,2,0,0.0,0.5
13.9,0.0,3,0,0.0,0.5
13.95,1.0,4,0,0.0,0.5
14.0,0.0,1,0,0.0,0.5
14.05,0.0,2,0,0.0,0.5
14.1,0.0,3,0,0.0,0.5
14.15,1.0,4,0,0.0,0.5
14.2,0.0,1,0,0.0,0.5
14.25,0.0,2,0,0.0,0.5
14.3,0.0,3,0,0.0,0.5
14.35,1.0,4,0,0.0,0.5
14.4,0.0,1,0,0.0,0.5
14.45,0.0,2,0,0.0,0.5
14.5,0.0,3,0,0.0,0.5
14.55,1.0,4,0,0.0,0.5
14.6,0.0,1,0,0.0,0.5
14.65,0.0,2,0,0.0,0.5
14.7,0.0,3,0,0.0,0.5
14.75,1.0,4,0,0.0,0.5
14.8,0.0,1,0,0.0,0.5
14.85,0.0,2,0,0.0,0.5
14.9,0.0,3,0,0.0,0.5
14.95,1.0,4,0,0.0,0.5
15.0,0.0,1,0,0.0,0.5
15.05,0.0,2,0,0.0,0.5
15.1,0.0,3,0,0.0,0.5
15.15,1.0,4,0,0.0,0.5
15.2,0.0,1,0,0.0,0.5
15.25,0.0,2,0,0.0,0.5
15.3,0.0,3,0,0.0,0.5
15.35,1.0,4,0,0.0,0.5
15.4,0.0,1,0,0.0,0.5
15.45,0.0,2,0,0.0,0.5
15.5,0.0,3,0,0.0,0.5
15.55,1.0,4,0,0.0,0.5
15.6,0.0,1,0,0.0,0.5
15.65,0.0,2,0,0.0,0.5
15.7,0.0,3,0,0.0,0.5
15.75,1.0,4,0,0.0,0.5
15.8,0.0,1,0,0.0,0.5
15.85,0.0,2,0,0.0,0.5
15.9,0.0,3,0,0.0,0.5
15.95,1.0,4,0,0.0,0.5
16.0,0.0,1,0,0.0,0.5
16.05,0.0,2,0,0.0,0.5
16.1,0.0,3,0,0.0,0.5
16.15,1.0,4,0,0.0,0.5
16.2,0.0,1,0,0.0,0.5
16.25,0.0,2,0,0.0,0.5
16.3,0.0,3,0,0.0,0.5
16.35,1.0,4,0,0.0,0.5
16.4,0.0,1,0,0.0,0.5
16.45,0.0,2,0,0.0,0.5
16.5,0.0,3,0,0.0,0.5
16.55,1.0,4,0,0.0,0.5
16.6,0.0,1,0,0.0,0.5
16.65,0.0,2,0,0.0,0.5
16.7,0.0,3,0,0.0,0.5
16.75,1.0,4,0,0.0,0.5
16.8,0.0,1,0,0.0,0.5
16.85,0.0,2,0,0.0,0.5
16.9,0.0,3,0,0.0,0.5
16.95,1.0,4,0,0.0,0.5
17.0,0.0,1,0,0.0,0.5
17.05,0.0,2,0,0.0,0.5
17.1,0.0,3,0,0.0,0.5
17.15,1.0,4,0,0.0,0.5
17.2,0.0,1,0,0.0,0.5
17.25,0.0,2,0,0.0,0.5
17.3,0.0,3,0,0.0,0.5
17.35,1.0,4,0,0.0,0.5
17.4,0.0,1,0,0.0,0.5
17.45,0.0,2,0,0.0,0.5
17.5,0.0,3,0,0.0,0.5
17.55,1.0,4,0,0.0,0.5
17.6,0.0,1,0,0.0,0.5
17.65,0.0,2,0,0.0,0.5
17.7,0.0,3,0,0.0,0.5
17.75,1.0,4,0,0.0,0.5
17.8,0.0,1,0,0.0,0.5
17.85,0.0,2,0,0.0,0.5
17.9,0.0,3,0,0.0,0.5
17.95,1.0,4,0,0.0,0.5
18.0,0.0,1,0,0.0,0.5
18.05,0.0,2,0,0.0,0.5
18.1,0.0,3,0,0.0,0.5
18.15,1.0,4,0,0.0,0.5
18.2,0.0,1,0,0.0,0.5
18.25,0.0,2,0,0.0,0.5
18.3,0.0,3,0,0.0,0.5
18.35,1.0,4,0,0.0,0.5
18.4,0.0,1,0,0.0,0.5
18.45,0.0,2,0,0.0,0.5
18.5,0.0,3,0,0.0,0.5
18.55,1.0,4,0,0.0,0.5
18.6,0.0,1,0,0.0,0.5
18.65,0.0,2,0,0.0,0.5
18.7,0.0,3,0,0.0,0.5
18.75,1.0,4,0,0.0,0.5
18.8,0.0,1,0,0.0,0.5
18.85,0.0,2,0,0.0,0.5
18.9,0.0,3,0,0.0,0.5
18.95,1.0,4,0,0.0,0.5
19.0,0.0,1,0,0.0,0.5
19.05,0.0,2,0,0.0,0.5
19.1,0.0,3,0,0.0,0.5
19.15,1.0,4,0,0.0,0.5
19.2,0.0,1,0,0.0,0.5
19.25,0.0,2,0,0.0,0.5
19.3,0.0,3,0,0.0,0.5
19.35,1.0,4,0,0.0,0.5
19.4,0.0,1,0,0.0,0.044565462999999972
19.45,0.0,2,0,0.0,0.044565462999999972
19.5,0.0,3,0,0.0,0.044565462999999972
19.55,1.0,4,0,0.0,0.044565462999999972
19.6,0.0,1,0,0.0,0.044565462999999972
19.65,0.0,2,0,0.0,0.044565462999999972
19.7,0.0,3,0,0.0,0.044565462999999972
19.75,1.0,4,0,0.0,0.044565462999999972
19.8,0.0,1,0,0.0,0.044565462999999972
19.85,0.0,2,0,0.0,0.044565462999999972
19.9,0.0,3,0,0.0,0.044565462999999972
19.95,1.0,4,0,0.0,0.044565462999999972
20.0,0.0,1,0,0.0,0.044565462999999972
20.05,0.0,2,0,0.0,0.044565462999999972
20.1,0.0,3,0,0.0,0.044565462999999972
20.15,1.0,4,0,0.0,0.044565462999999972
20.2,0.0,1,0,0.0,0.044565462999999972
20.25,0.0,2,0,0.0,0.044565462999999972
20.3,0.0,3,0,0.0,0.044565462999999972
20.35,1.0,4,0,0.0,0.044565462999999972
20.4,0.0,1,0,0.0,0.044565462999999972
20.45,0.0,2,0,0.0,0.044565462999999972
20.5,0.0,3,0,0.0,0.044565462999999972
20.55,1.0,4,0,0.0,0.044565462999999972
20.6,0.0,1,0,0.0,0.044565462999999972
20.65,0.0,2,0,0.0,0.044565462999999972
20.7,0.0,3,0,0.0,0.044565462999999972
20.75,1.0,4,0,0.0,0.044565462999999972
20.8,0.0,1,0,0.0,0.044565462999999972
20.85,0.0,2,0,0.0,0.044565462999999972
20.9,0.0,3,0,0.0,0.044565462999999972
20.95,1.0,4,0,0.0,0.044565462999999972
21.0,0.0,1,0,0.0,0.044565462999999972
21.05,0.0,2,0,0.0,0.044565462999999972
21.1,0.0,3,0,0.0,0.044565462999999972
21.15,1.0,4,0,0.0,0.044565462999999972
21.2,0.0,1,0,0.0,0.044565462999999972
21.25,0.0,2,0,0.0,0.044565462999999972
21.3,0.0,3,0,0.0,0.044565462999999972
21.35,1.0,4,0,0.0,0.044565462999999972
21.4,0.0,1,0,0.0,0.044565462999999972
21.45,0.0,2,0,0.0,0.044565462999999972
21.5,0.0,3,0,0.0,0.044565462999999972
21.55,1.0,4,0,0.0,0.044565462999999972
21.6,0.0,1,0,0.0,0.044565462999999972
21.65,0.0,2,0,0.0,0.044565462999999972
21.7,0.0,3,0,0.0,0.044565462999999972
21.75,1.0,4,0,0.0,0.044565462999999972
21.8,0.0,1,0,0.0,0.044565462999999972
21.85,0.0,2,0,0.0,0.044565462999999972
21.9,0.0,3,0,0.0,0.044565462999999972
21.95,1.0,4,0,0.0,0.044565462999999972
22.0,0.0,1,0,0.0,0.044565462999999972
22.05,0.0,2,0,0.0,0.044565462999999972
22.1,0.0,3,0,0.0,0.044565462999999972
22.15,1.0,4,0,0.0,0.044565462999999972
22.2,0.0,1,0,0.0,0.044565462999999972
22.25,0.0,2,0,0.0,0.044565462999999972
22.3,0.0,3,0,0.0,0.044565462999999972
22.35,1.0,4,0,0.0,0.044565462999999972
22.4,0.0,1,0,0.0,0.044565462999999972
22.45,0.0,2,0,0.0,0.044565462999999972
22.5,0.0,3,0,0.0,0.044565462999999972
22.55,1.0,4,0,0.0,0.044565462999999972
22.6,0.0,1,0,0.0,0.044565462999999972
22.65,0.0,2,0,0.0,0.044565462999999972
22.7,0.0,3,0,0.0,0.044565462999999972
22.75,1.0,4,0,0.0,0.044565462999999972
22.8,0.0,1,0,0.0,0.044565462999999972
22.85,0.0,2,0,0.0,0.044565462999999972
22.9,0.0,3,0,0.0,0.044565462999999972
22.95,1.0,4,0,0.0,0.044565462999999972
23.0,0.0,1,0,0.0,0.044565462999999972
23.05,0.0,2,0,0.0,0.044565462999999972
23.1,0.0,3,0,0.0,0.044565462999999972
23.15,1.0,4,0,0.0,0.044565462999999972
23.2,0.0,1,0,0.0,0.044565462999999972
23.25,0.0,2,0,0.0,0.044565462999999972
23.3,0.0,3,0,0.0,0.044565462999999972
23.35,1.0,4,0,0.0,0.044565462999999972
23.4,0.0,1,0,0.0,0.044565462999999972
23.45,0.0,2,0,0.0,0.044565462999999972
23.5,0.0,3,0,0.0,0.044565462999999972
23.55,1.0,4,0,0.0,0.044565462999999972
23.6,0.0,1,0,0.0,0.044565462999999972
23.65,0.0,2,0,0.0,0.044565462999999972
23.7,0.0,3,0,0.0,0.044565462999999972
23.75,1.0,4,0,0.0,0.044565462999999972
23.8,0.0,1,0,0.0,0.044565462999999972
23.85,0.0,2,0,0.0,0.044565462999999972
23.9,0.0,3,0,0.0,0.044565462999999972
23.95,1.0,4,0,0.0,0.044565462999999972
24.0,0.0,1,0,0.0,0.044565462999999972
24.05,0.0,2,0,0.0,0.044565462999999972
24.1,0.0,3,0,0.0,0.044565462999999972
24.15,1.0,4,0,0.0,0.044565462999999972
24.2,0.0,1,0,0.0,0.044565462999999972
24.25,0.0,2,0,0.0,0.044565462999999972
24.3,0.0,3,0,0.0,0.044565462999999972
24.35,1.0,4,0,0.0,0.044565462999999972
24.4,0.0,1,0,0.0,0.044565462999999972
24.45,0.0,2,0,0.0,0.044565462999999972
24.5,0.0,3,0,0.0,0.044565462999999972
24.55,1.0,4,0,0.0,0.044565462999999972
24.6,0.0,1,0,0.0,0.044565462999999972
24.65,0.0,2,0,0.0,0.044565462999999972
24.7,0.0,3,0,0.0,0.044565462999999972
24.75,1.0,4,0,0.0,0.044565462999999972
24.8,0.0,1,0,0.0,0.044565462999999972
24.85,0.0,2,0,0.0,0.044565462999999972
24.9,0.0,3,0,0.0,0.044565462999999972
24.95,1.0,4,0,0.0,0.044565462999999972
25.0,0.0,1,0,0.0,0.044565462999999972
25.05,0.0,2,0,0.0,0.044565462999999972
25.1,0.0,3,0,0.0,0.044565462999999972
25.15,1.0,4,0,0.0,0.044565462999999972
25.2,0.0,1,0,0.0,0.044565462999999972
25.25,0.0,2,0,0.0,0.044565462999999972
25.3,0.0,3,0,0.0,0.044565462999999972
25.35,1.0,4,0,0.0,0.044565462999999972
25.4,0.0,1,0,0.0,0.044565462999999972
25.45,0.0,2,0,0.0,0.044565462999999972
25.5,0.0,3,0,0.0,0.044565462999999972
25.55,1.0,4,0,0.025000000000000001,0.054799291999999999
25.6,0.0,1,0,0.0,0.054799291999999999
25.65,0.0,2,0,0.0,0.054799291999999999
25.7,0.0,3,0,0.0,0.054799291999999999
25.75,1.0,4,0,0.025000000000000001,0.080756658999999953
25.8,0.0,1,0,0.0,0.080756658999999953
25.85,0.0,2,0,0.0,0.080756658999999953
25.9,0.0,3,0,0.0,0.080756658999999953
25.95,1.0,4,0,0.025000000000000001,0.096800485000000047
26.0,0.0,1,0,0.0,0.096800485000000047
26.05,0.0,2,0,0.0,0.080756658999999953
26.1,0.0,3,0,0.0,0.080756658999999953
26.15,1.0,4,0,0.025000000000000001,0.096800485000000047
26.2,0.0,1,0,0.0,0.096800485000000047
26.25,0.0,2,0,0.0,0.080756658999999953
26.3,0.0,3,0,0.0,0.080756658999999953
26.35,1.0,4,0,0.025000000000000001,0.096800485000000047
26.4,0.0,1,0,0.0,0.096800485000000047
26.45,0.0,2,0,0.0,0.080756658999999953
26.5,0.0,3,0,0.0,0.080756658999999953
26.55,1.0,4,0,0.025000000000000001,0.096800485000000047
26.6,0.0,1,0,0.0,0.096800485000000047
26.65,0.0,2,0,0.0,0.080756658999999953
26.7,0.0,3,0,0.0,0.080756658999999953
26.75,1.0,4,0,0.025000000000000001,0.096800485000000047
26.8,0.0,1,0,0.0,0.096800485000000047
26.85,0.0,2,0,0.0,0.080756658999999953
26.9,0.0,3,0,0.0,0.080756658999999953
26.95,1.0,4,0,0.0,0.080756658999999953
27.0,0.0,1,0,0.0,0.080756658999999953
27.05,0.0,2,0,0.0,0.054799291999999999
27.1,0.0,3,0,0.0,0.054799291999999999
27.15,1.0,4,0,0.0,0.054799291999999999
27.2,0.0,1,0,0.0,0.054799291999999999
27.25,0.0,2,0,0.0,0.044565462999999972
27.3,0.0,3,0,0.0,0.044565462999999972
27.35,1.0,4,0,0.0,0.044565462999999972
27.4,0.0,1,0,0.0,0.044565462999999972
27.45,0.0,2,0,0.0,0.044565462999999972
27.5,0.0,3,0,0.0,0.044565462999999972
27.55,1.0,4,0,0.0,0.044565462999999972
27.6,0.0,1,0,0.0,0.044565462999999972
27.65,0.0,2,0,0.0,0.044565462999999972
27.7,0.0,3,0,0.0,0.044565462999999972
27.75,1.0,4,0,0.0,0.044565462999999972
27.8,0.0,1,0,0.0,0.044565462999999972
27.85,0.0,2,0,0.0,0.044565462999999972
27.9,0.0,3,0,0.0,0.044565462999999972
27.95,1.0,4,0,0.0,0.044565462999999972
28.0,0.0,1,0,0.0,0.044565462999999972
28.05,0.0,2,0,0.0,0.044565462999999972
28.1,0.0,3,0,0.0,0.044565462999999972
28.15,1.0,4,0,0.0,0.044565462999999972
28.2,0.0,1,0,0.0,0.044565462999999972
28.25,0.0,2,0,0.0,0.044565462999999972
28.3,0.0,3,0,0.0,0.044565462999999972
28.35,1.0,4,0,0.0,0.044565462999999972
28.4,0.0,1,0,0.0,0.044565462999999972
28.45,0.0,2,0,0.0,0.044565462999999972
28.5,0.0,3,0,0.0,0.044565462999999972
28.55,1.0,4,0,0.0,0.044565462999999972
28.6,0.0,1,0,0.0,0.044565462999999972
28.65,0.0,2,0,0.0,0.044565462999999972
28.7,0.0,3,0,0.0,0.044565462999999972
28.75,1.0,4,0,0.0,0.044565462999999972
28.8,0.0,1,0,0.0,0.044565462999999972
28.85,0.0,2,0,0.0,0.044565462999999972
28.9,0.0,3,0,0.0,0.044565462999999972
28.95,1.0,4,0,0.0,0.044565462999999972
29.0,0.0,1,0,0.0,0.044565462999999972
29.05,0.0,2,0,0.0,0.044565462999999972
29.1,0.0,3,0,0.0,0.044565462999999972
29.15,1.0,4,0,0.0,0.044565462999999972
29.2,0.0,1,0,0.0,0.044565462999999972
29.25,0.0,2,0,0.0,0.044565462999999972
29.3,0.0,3,0,0.0,0.044565462999999972
29.35,1.0,4,0,0.0,0.044565462999999972
29.4,0.0,1,0,0.0,0.044565462999999972
29.45,0.0,2,0,0.0,0.044565462999999972
29.5,0.0,3,0,0.0,0.044565462999999972
29.55,1.0,4,0,0.0,0.044565462999999972
29.6,0.0,1,0,0.0,0.044565462999999972
29.65,0.0,2,0,0.0,0.044565462999999972
29.7,0.0,3,0,0.0,0.044565462999999972
29.75,1.0,4,0,0.0,0.044565462999999972
29.8,0.0,1,0,0.0,0.044565462999999972
29.85,0.0,2,0,0.0,0.044565462999999972
29.9,0.0,3,0,0.0,0.044565462999999972
29.95,1.0,4,0,0.0,0.044565462999999972
30.0,0.0,1,0,0.0,0.044565462999999972
30.05,0.0,2,0,0.0,0.044565462999999972
30.1,0.0,3,0,0.0,0.044565462999999972
30.15,1.0,4,0,0.0,0.044565462999999972
30.2,0.0,1,0,0.0,0.044565462999999972
30.25,0.0,2,0,0.0,0.044565462999999972
30.3,0.0,3,0,0.0,0.044565462999999972
30.35,1.0,4,0,0.0,0.044565462999999972
30.4,0.0,1,0,0.0,0.044565462999999972
30.45,0.0,2,0,0.0,0.044565462999999972
30.5,0.0,3,0,0.0,0.044565462999999972
30.55,1.0,4,0,0.0,0.044565462999999972
30.6,0.0,1,0,0.0,0.044565462999999972
30.65,0.0,2,0,0.0,0.044565462999999972
30.7,0.0,3,0,0.0,0.044565462999999972
30.75,1.0,4,0,0.0,0.044565462999999972
30.8,0.0,1,0,0.0,0.044565462999999972
30.85,0.0,2,0,0.0,0.044565462999999972
30.9,0.0,3,0,0.0,0.044565462999999972
30.95,1.0,4,0,0.0,0.044565462999999972
31.0,0.0,1,0,0.0,0.044565462999999972
31.05,0.0,2,0,0.0,0.044565462999999972
31.1,0.0,3,0,0.0,0.044565462999999972
31.15,1.0,4,0,0.0,0.044565462999999972
31.2,0.0,1,0,0.0,0.044565462999999972
31.25,0.0,2,0,0.0,0.044565462999999972
31.3,0.0,3,0,0.0,0.044565462999999972
31.35,1.0,4,0,0.0,0.044565462999999972
31.4,0.0,1,0,0.0,0.044565462999999972
31.45,0.0,2,0,0.0,0.044565462999999972
31.5,0.0,3,0,0.0,0.044565462999999972
31.55,1.0,4,0,0.0,0.044565462999999972
31.6,0.0,1,0,0.0,0.044565462999999972
31.65,0.0,2,0,0.0,0.044565462999999972
31.7,0.0,3,0,0.0,0.044565462999999972
31.75,1.0,4,0,0.0,0.044565462999999972
31.8,0.0,1,0,0.0,0.044565462999999972
31.85,0.0,2,0,0.0,0.044565462999999972
31.9,0.0,3,0,0.0,0.044565462999999972
31.95,1.0,4,0,0.0,0.044565462999999972
32.0,0.0,1,0,0.0,0.044565462999999972
32.05,0.0,2,0,0.0,0.044565462999999972
32.1,0.0,3,0,0.0,0.044565462999999972
32.15,1.0,4,0,0.0,0.044565462999999972
32.2,0.0,1,0,0.0,0.044565462999999972
32.25,0.0,2,0,0.0,0.044565462999999972
32.3,0.0,3,0,0.0,0.044565462999999972
32.35,1.0,4,0,0.0,0.044565462999999972
32.4,0.0,1,0,0.0,0.044565462999999972
32.45,0.0,2,0,0.0,0.044565462999999972
32.5,0.0,3,0,0.0,0.044565462999999972
32.55,1.0,4,0,0.0,0.044565462999999972
32.6,0.0,1,0,0.0,0.044565462999999972
32.65,0.0,2,0,0.0,0.044565462999999972
32.7,0.0,3,0,0.0,0.044565462999999972
32.75,1.0,4,0,0.0,0.044565462999999972
32.8,0.0,1,0,0.0,0.044565462999999972
32.85,0.0,2,0,0.0,0.044565462999999972
32.9,0.0,3,0,0.0,0.044565462999999972
32.95,1.0,4,0,0.0,0.044565462999999972
33.0,0.0,1,0,0.0,0.044565462999999972
33.05,0.0,2,0,0.0,0.044565462999999972
33.1,0.0,3,0,0.0,0.044565462999999972
33.15,1.0,4,0,0.0,0.044565462999999972
33.2,0.0,1,0,0.0,0.044565462999999972
33.25,0.0,2,0,0.0,0.044565462999999972
33.3,0.0,3,0,0.0,0.044565462999999972
33.35,1.0,4,0,0.0,0.044565462999999972
33.4,0.0,1,0,0.0,0.044565462999999972
33.45,0.0,2,0,0.0,0.044565462999999972
33.5,0.0,3,0,0.0,0.044565462999999972
33.55,1.0,4,0,0.0,0.044565462999999972
33.6,0.0,1,0,0.0,0.044565462999999972
33.65,0.0,2,0,0.0,0.044565462999999972
33.7,0.0,3,0,0.0,0.044565462999999972
33.75,1.0,4,0,0.0,0.044565462999999972
33.8,0.0,1,0,0.0,0.044565462999999972
33.85,0.0,2,0,0.0,0.044565462999999972
33.9,0.0,3,0,0.0,0.044565462999999972
33.95,1.0,4,0,0.0,0.044565462999999972
34.0,0.0,1,0,0.0,0.044565462999999972
34.05,0.0,2,0,0.0,0.044565462999999972
34.1,0.0,3,0,0.0,0.044565462999999972
34.15,1.0,4,0,0.0,0.044565462999999972
34.2,0.0,1,0,0.0,0.044565462999999972
34.25,0.0,2,0,0.0,0.044565462999999972
34.3,0.0,3,0,0.0,0.044565462999999972
34.35,1.0,4,0,0.0,0.044565462999999972
34.4,0.0,1,0,0.0,0.044565462999999972
34.45,0.0,2,0,0.0,0.044565462999999972
34.5,0.0,3,0,0.0,0.044565462999999972
34.55,1.0,4,0,0.0,0.044565462999999972
34.6,0.0,1,0,0.0,0.044565462999999972
34.65,0.0,2,0,0.0,0.044565462999999972
34.7,0.0,3,0,0.0,0.044565462999999972
34.75,1.0,4,0,0.0,0.044565462999999972
34.8,0.0,1,0,0.0,0.044565462999999972
34.85,0.0,2,0,0.0,0.044565462999999972
34.9,0.0,3,0,0.0,0.044565462999999972
34.95,1.0,4,0,0.0,0.044565462999999972
35.0,0.0,1,0,0.0,0.044565462999999972
35.05,0.0,2,0,0.0,0.044565462999999972
35.1,0.0,3,0,0.0,0.044565462999999972
35.15,1.0,4,0,0.0,0.044565462999999972
35.2,0.0,1,0,0.0,0.044565462999999972
35.25,0.0,2,0,0.0,0.044565462999999972
35.3,0.0,3,0,0.0,0.044565462999999972
35.35,1.0,4,0,0.0,0.044565462999999972
35.4,0.0,1,0,0.0,0.044565462999999972
35.45,0.0,2,0,0.0,0.044565462999999972
35.5,0.0,3,0,0.0,0.044565462999999972
35.55,1.0,4,0,0.0,0.044565462999999972
35.6,0.0,1,0,0.0,0.044565462999999972
35.65,0.0,2,0,0.0,0.044565462999999972
35.7,0.0,3,0,0.0,0.044565462999999972
35.75,1.0,4,0,0.0,0.044565462999999972
35.8,0.0,1,0,0.0,0.044565462999999972
35.85,0.0,2,0,0.0,0.044565462999999972
35.9,0.0,3,0,0.0,0.044565462999999972
35.95,1.0,4,0,0.0,0.044565462999999972
36.0,0.0,1,0,0.0,0.044565462999999972
36.05,0.0,2,0,0.0,0.044565462999999972
36.1,0.0,3,0,0.0,0.044565462999999972
36.15,1.0,4,0,0.0,0.044565462999999972
36.2,0.0,1,0,0.0,0.044565462999999972
36.25,0.0,2,0,0.0,0.044565462999999972
36.3,0.0,3,0,0.0,0.044565462999999972
36.35,1.0,4,0,0.0,0.044565462999999972
36.4,0.0,1,0,0.0,0.044565462999999972
36.45,0.0,2,0,0.0,0.044565462999999972
36.5,0.0,3,0,0.0,0.044565462999999972
36.55,1.0,4,0,0.0,0.044565462999999972
36.6,0.0,1,0,0.0,0.044565462999999972
36.65,0.0,2,0,0.0,0.044565462999999972
36.7,0.0,3,0,0.0,0.044565462999999972
36.75,1.0,4,0,0.0,0.044565462999999972
36.8,0.0,1,0,0.0,0.044565462999999972
36.85,0.0,2,0,0.0,0.044565462999999972
36.9,0.0,3,0,0.0,0.044565462999999972
36.95,1.0,4,0,0.0,0.044565462999999972
37.0,0.0,1,0,0.0,0.044565462999999972
37.05,0.0,2,0,0.0,0.044565462999999972
37.1,0.0,3,0,0.0,0.044565462999999972
37.15,1.0,4,0,0.0,0.044565462999999972
37.2,0.0,1,0,0.0,0.044565462999999972
37.25,0.0,2,0,0.0,0.044565462999999972
37.3,0.0,3,0,0.0,0.044565462999999972
37.35,1.0,4,0,0.0,0.044565462999999972
37.4,0.0,1,0,0.0,0.044565462999999972
37.45,0.0,2,0,0.0,0.044565462999999972
37.5,0.0,3,0,0.0,0.044565462999999972
37.55,1.0,4,0,0.0,0.044565462999999972
37.6,0.0,1,0,0.0,0.044565462999999972
37.65,0.0,2,0,0.0,0.044565462999999972
37.7,0.0,3,0,0.0,0.044565462999999972
37.75,1.0,4,0,0.0,0.044565462999999972
37.8,0.0,1,0,0.0,0.044565462999999972
37.85,0.0,2,0,0.0,0.044565462999999972
37.9,0.0,3,0,0.0,0.044565462999999972
37.95,1.0,4,0,0.0,0.044565462999999972
38.0,0.0,1,0,0.0,0.044565462999999972
38.05,0.0,2,0,0.0,0.044565462999999972
38.1,0.0,3,0,0.0,0.044565462999999972
38.15,1.0,4,0,0.0,0.044565462999999972
38.2,0.0,1,0,0.0,0.044565462999999972
38.25,0.0,2,0,0.0,0.044565462999999972
38.3,0.0,3,0,0.0,0.044565462999999972
38.35,1.0,4,0,0.0,0.044565462999999972
38.4,0.0,1,0,0.0,0.044565462999999972
38.45,0.0,2,0,0.0,0.044565462999999972
38.5,0.0,3,0,0.0,0.044565462999999972
38.55,1.0,4,0,0.0,0.044565462999999972
38.6,0.0,1,0,0.0,0.044565462999999972
38.65,0.0,2,0,0.0,0.044565462999999972
38.7,0.0,3,0,0.0,0.044565462999999972
38.75,1.0,4,0,0.0,0.044565462999999972
38.8,0.0,1,0,0.0,0.044565462999999972
38.85,0.0,2,0,0.0,0.044565462999999972
38.9,0.0,3,0,0.0,0.044565462999999972
38.95,1.0,4,0,0.0,0.044565462999999972
39.0,0.0,1,0,0.0,0.044565462999999972
39.05,0.0,2,0,0.0,0.044565462999999972
39.1,0.0,3,0,0.0,0.044565462999999972
39.15,1.0,4,0,0.0,0.044565462999999972
39.2,0.0,1,0,0.0,0.044565462999999972
39.25,0.0,2,0,0.0,0.044565462999999972
39.3,0.0,3,0,0.0,0.044565462999999972
39.35,1.0,4,0,0.0,0.044565462999999972
39.4,0.0,1,0,0.0,0.044565462999999972
39.45,0.0,2,0,0.0,0.044565462999999972
39.5,0.0,3,0,0.0,0.044565462999999972
39.55,1.0,4,0,0.0,0.044565462999999972
39.6,0.0,1,0,0.0,0.044565462999999972
39.65,0.0,2,0,0.0,0.044565462999999972
39.7,0.0,3,0,0.0,0.044565462999999972
39.75,1.0,4,0,0.0,0.044565462999999972
39.8,0.0,1,0,0.0,0.044565462999999972
39.85,0.0,2,0,0.0,0.044565462999999972
39.9,0.0,3,0,0.0,0.044565462999999972
39.95,1.0,4,0,0.0,0.044565462999999972
40.0,0.0,1,0,0.0,0.044565462999999972
40.05,0.0,2,0,0.0,0.044565462999999972
40.1,0.0,3,0,0.0,0.044565462999999972
40.15,1.0,4,0,0.0,0.044565462999999972
40.2,0.0,1,0,0.0,0.044565462999999972
40.25,0.0,2,0,0.0,0.044565462999999972
40.3,0.0,3,0,0.0,0.044565462999999972
40.35,1.0,4,0,0.0,0.044565462999999972
40.4,0.0,1,0,0.0,0.044565462999999972
40.45,0.0,2,0,0.0,0.044565462999999972
40.5,0.0,3,0,0.0,0.044565462999999972
40.55,1.0,4,0,0.0,0.044565462999999972
40.6,0.0,1,0,0.0,0.044565462999999972
40.65,0.0,2,0,0.0,0.044565462999999972
40.7,0.0,3,0,0.0,0.044565462999999972
40.75,1.0,4,0,0.0,0.044565462999999972
40.8,0.0,1,0,0.0,0.044565462999999972
40.85,0.0,2,0,0.0,0.044565462999999972
40.9,0.0,3,0,0.0,0.044565462999999972
40.95,1.0,4,0,0.0,0.044565462999999972
41.0,0.0,1,0,0.0,0.044565462999999972
41.05,0.0,2,0,0.0,0.044565462999999972
41.1,0.0,3,0,0.0,0.044565462999999972
41.15,1.0,4,0,0.0,0.044565462999999972
41.2,0.0,1,0,0.0,0.044565462999999972
41.25,0.0,2,0,0.0,0.044565462999999972
41.3,0.0,3,0,0.0,0.044565462999999972
41.35,1.0,4,0,0.0,0.044565462999999972
41.4,0.0,1,0,0.0,0.044565462999999972
41.45,0.0,2,0,0.0,0.044565462999999972
41.5,0.0,3,0,0.0,0.044565462999999972
41.55,1.0,4,0,0.0,0.044565462999999972
41.6,0.0,1,0,0.0,0.044565462999999972
41.65,0.0,2,0,0.0,0.044565462999999972
41.7,0.0,3,0,0.0,0.044565462999999972
41.75,1.0,4,0,0.0,0.044565462999999972
41.8,0.0,1,0,0.0,0.044565462999999972
41.85,0.0,2,0,0.0,0.044565462999999972
41.9,0.0,3,0,0.0,0.044565462999999972
41.95,1.0,4,0,0.0,0.044565462999999972
42.0,0.0,1,0,0.0,0.044565462999999972
42.05,0.0,2,0,0.0,0.044565462999999972
42.1,0.0,3,0,0.0,0.044565462999999972
42.15,1.0,4,0,0.0,0.044565462999999972
42.2,0.0,1,0,0.0,0.044565462999999972
42.25,0.0,2,0,0.0,0.044565462999999972
42.3,0.0,3,0,0.0,0.044565462999999972
42.35,1.0,4,0,0.0,0.044565462999999972
42.4,0.0,1,0,0.0,0.044565462999999972
42.45,0.0,2,0,0.0,0.044565462999999972
42.5,0.0,3,0,0.0,0.044565462999999972
42.55,1.0,4,0,0.0,0.044565462999999972
42.6,0.0,1,0,0.0,0.044565462999999972
42.65,0.0,2,0,0.0,0.044565462999999972
42.7,0.0,3,0,0.0,0.044565462999999972
42.75,1.0,4,0,0.0,0.044565462999999972
42.8,0.0,1,0,0.0,0.044565462999999972
42.85,0.0,2,0,0.0,0.044565462999999972
42.9,0.0,3,0,0.0,0.044565462999999972
42.95,1.0,4,0,0.0,0.044565462999999972
43.0,0.0,1,0,0.0,0.044565462999999972
43.05,0.0,2,0,0.0,0.044565462999999972
43.1,0.0,3,0,0.0,0.044565462999999972
43.15,1.0,4,0,0.0,0.044565462999999972
43.2,0.0,1,0,0.0,0.044565462999999972
43.25,0.0,2,0,0.0,0.044565462999999972
43.3,0.0,3,0,0.0,0.044565462999999972
43.35,1.0,4,0,0.0,0.044565462999999972
43.4,0.0,1,0,0.0,0.044565462999999972
43.45,0.0,2,0,0.0,0.044565462999999972
43.5,0.0,3,0,0.0,0.044565462999999972
43.55,1.0,4,0,0.0,0.044565462999999972
43.6,0.0,1,0,0.0,0.044565462999999972
43.65,0.0,2,0,0.0,0.044565462999999972
43.7,0.0,3,0,0.0,0.044565462999999972
43.75,1.0,4,0,0.0,0.044565462999999972
43.8,0.0,1,0,0.0,0.044565462999999972
43.85,0.0,2,0,0.0,0.044565462999999972
43.9,0.0,3,0,0.0,0.044565462999999972
43.95,1.0,4,0,0.0,0.044565462999999972
44.0,0.0,1,0,0.0,0.044565462999999972
44.05,0.0,2,0,0.0,0.044565462999999972
44.1,0.0,3,0,0.0,0.044565462999999972
44.15,1.0,4,0,0.0,0.044565462999999972
44.2,0.0,1,0,0.0,0.044565462999999972
44.25,0.0,2,0,0.0,0.044565462999999972
44.3,0.0,3,0,0.0,0.044565462999999972
44.35,1.0,4,0,0.0,0.044565462999999972
44.4,0.0,1,0,0.0,0.044565462999999972
44.45,0.0,2,0,0.0,0.044565462999999972
44.5,0.0,3,0,0.0,0.044565462999999972
44.55,1.0,4,0,0.0,0.044565462999999972
44.6,0.0,1,0,0.0,0.044565462999999972
44.65,0.0,2,0,0.0,0.044565462999999972
44.7,0.0,3,0,0.0,0.044565462999999972
44.75,1.0,4,0,0.0,0.044565462999999972
44.8,0.0,1,0,0.0,0.044565462999999972
44.85,0.0,2,0,0.0,0.044565462999999972
44.9,0.0,3,0,0.0,0.044565462999999972
44.95,1.0,4,0,0.0,0.044565462999999972
45.0,0.0,1,0,0.0,0.044565462999999972
45.05,0.0,2,0,0.0,0.044565462999999972
45.1,0.0,3,0,0.0,0.044565462999999972
45.15,1.0,4,0,0.0,0.044565462999999972
45.2,0.0,1,0,0.0,0.044565462999999972
45.25,0.0,2,0,0.0,0.044565462999999972
45.3,0.0,3,0,0.0,0.044565462999999972
45.35,1.0,4,0,0.0,0.044565462999999972
45.4,0.0,1,0,0.0,0.044565462999999972
45.45,0.0,2,0,0.0,0.044565462999999972
45.5,0.0,3,0,0.0,0.044565462999999972
45.55,1.0,4,0,0.0,0.044565462999999972
45.6,0.0,1,0,0.0,0.044565462999999972
45.65,0.0,2,0,0.0,0.044565462999999972
45.7,0.0,3,0,0.0,0.044565462999999972
45.75,1.0,4,0,0.0,0.044565462999999972
45.8,0.0,1,0,0.0,0.044565462999999972
45.85,0.0,2,0,0.0,0.044565462999999972
45.9,0.0,3,0,0.0,0.044565462999999972
45.95,1.0,4,0,0.0,0.044565462999999972
46.0,0.0,1,0,0.0,0.044565462999999972
46.05,0.0,2,0,0.0,0.044565462999999972
46.1,0.0,3,0,0.0,0.044565462999999972
46.15,1.0,4,0,0.0,0.044565462999999972
46.2,0.0,1,0,0.0,0.044565462999999972
46.25,0.0,2,0,0.0,0.044565462999999972
46.3,0.0,3,0,0.0,0.044565462999999972
46.35,1.0,4,0,0.0,0.044565462999999972
46.4,0.0,1,0,0.0,0.044565462999999972
46.45,0.0,2,0,0.0,0.044565462999999972
46.5,0.0,3,0,0.0,0.044565462999999972
46.55,1.0,4,0,0.0,0.044565462999999972
46.6,0.0,1,0,0.0,0.044565462999999972
46.65,0.0,2,0,0.0,0.044565462999999972
46.7,0.0,3,0,0.0,0.044565462999999972
46.75,1.0,4,0,0.0,0.044565462999999972
46.8,0.0,1,0,0.0,0.044565462999999972
46.85,0.0,2,0,0.0,0.044565462999999972
46.9,0.0,3,0,0.0,0.044565462999999972
46.95,1.0,4,0,0.0,0.044565462999999972
47.0,0.0,1,0,0.0,0.044565462999999972
47.05,0.0,2,0,0.0,0.044565462999999972
47.1,0.0,3,0,0.0,0.044565462999999972
47.15,1.0,4,0,0.0,0.044565462999999972
47.2,0.0,1,0,0.0,0.044565462999999972
47.25,0.0,2,0,0.0,0.044565462999999972
47.3,0.0,3,0,0.0,0.044565462999999972
47.35,1.0,4,0,0.0,0.044565462999999972
47.4,0.0,1,0,0.0,0.044565462999999972
47.45,0.0,2,0,0.0,0.044565462999999972
47.5,0.0,3,0,0.0,0.044565462999999972
47.55,1.0,4,0,0.0,0.044565462999999972
47.6,0.0,1,0,0.0,0.044565462999999972
47.65,0.0,2,0,0.0,0.044565462999999972
47.7,0.0,3,0,0.0,0.044565462999999972
47.75,1.0,4,0,0.0,0.044565462999999972
47.8,0.0,1,0,0.0,0.044565462999999972
47.85,0.0,2,0,0.0,0.044565462999999972
47.9,0.0,3,0,0.0,0.044565462999999972
47.95,1.0,4,0,0.0,0.044565462999999972
48.0,0.0,1,0,0.0,0.044565462999999972
48.05,0.0,2,0,0.0,0.044565462999999972
48.1,0.0,3,0,0.0,0.044565462999999972
48.15,1.0,4,0,0.0,0.044565462999999972
48.2,0.0,1,0,0.0,0.044565462999999972
48.25,0.0,2,0,0.0,0.044565462999999972
48.3,0.0,3,0,0.0,0.044565462999999972
48.35,1.0,4,0,0.0,0.044565462999999972
48.4,0.0,1,0,0.0,0.044565462999999972
48.45,0.0,2,0,0.0,0.044565462999999972
48.5,0.0,3,0,0.0,0.044565462999999972
48.55,1.0,4,0,0.0,0.044565462999999972
48.6,0.0,1,0,0.0,0.044565462999999972
48.65,0.0,2,0,0.0,0.044565462999999972
48.7,0.0,3,0,0.0,0.044565462999999972
48.75,1.0,4,0,0.0,0.044565462999999972
48.8,0.0,1,0,0.0,0.044565462999999972
48.85,0.0,2,0,0.0,0.044565462999999972
48.9,0.0,3,0,0.0,0.044565462999999972
48.95,1.0,4,0,0.0,0.044565462999999972
49.0,0.0,1,0,0.0,0.044565462999999972
49.05,0.0,2,0,0.0,0.044565462999999972
49.1,0.0,3,0,0.0,0.044565462999999972
49.15,1.0,4,0,0.0,0.044565462999999972
49.2,0.0,1,0,0.0,0.044565462999999972
49.25,0.0,2,0,0.0,0.044565462999999972
49.3,0.0,3,0,0.0,0.044565462999999972
49.35,1.0,4,0,0.0,0.044565462999999972
49.4,0.0,1,0,0.0,0.044565462999999972
49.45,0.0,2,0,0.0,0.044565462999999972
49.5,0.0,3,0,0.0,0.044565462999999972
49.55,1.0,4,0,0.0,0.044565462999999972
49.6,0.0,1,0,0.0,0.044565462999999972
49.65,0.0,2,0,0.0,0.044565462999999972
49.7,0.0,3,0,0.0,0.044565462999999972
49.75,1.0,4,0,0.0,0.044565462999999972
49.8,0.0,1,0,0.0,0.044565462999999972
49.85,0.0,2,0,0.0,0.044565462999999972
49.9,0.0,3,0,0.0,0.044565462999999972
49.95,1.0,4,0,0.0,0.044565462999999972
50.0,0.0,1,0,0.0,0.044565462999999972
50.05,0.0,2,0,0.0,0.044565462999999972
50.1,0.0,3,0,0.0,0.044565462999999972
50.15,1.0,4,0,0.0,0.044565462999999972
50.2,0.0,1,0,0.0,0.044565462999999972
50.25,0.0,2,0,0.0,0.044565462999999972
50.3,0.0,3,0,0.0,0.044565462999999972
50.35,1.0,4,0,0.0,0.044565462999999972
50.4,0.0,1,0,0.0,0.044565462999999972
50.45,0.0,2,0,0.0,0.044565462999999972
50.5,0.0,3,0,0.0,0.044565462999999972
50.55,1.0,4,0,0.0,0.044565462999999972
50.6,0.0,1,0,0.0,0.044565462999999972
50.65,0.0,2,0,0.0,0.044565462999999972
50.7,0.0,3,0,0.0,0.044565462999999972
50.75,1.0,4,0,0.0,0.044565462999999972
50.8,0.0,1,0,0.0,0.044565462999999972
50.85,0.0,2,0,0.0,0.044565462999999972
50.9,0.0,3,0,0.0,0.044565462999999972
50.95,1.0,4,0,0.0,0.044565462999999972
51.0,0.0,1,0,0.0,0.044565462999999972
51.05,0.0,2,0,0.0,0.044565462999999972
51.1,0.0,3,0,0.0,0.044565462999999972
51.15,1.0,4,0,0.0,0.044565462999999972
51.2,0.0,1,0,0.0,0.044565462999999972
51.25,0.0,2,0,0.0,0.044565462999999972
51.3,0.0,3,0,0.0,0.044565462999999972
51.35,1.0,4,0,0.0,0.044565462999999972
51.4,0.0,1,0,0.0,0.044565462999999972
51.45,0.0,2,0,0.0,0.044565462999999972
51.5,0.0,3,0,0.0,0.044565462999999972
51.55,1.0,4,0,0.0,0.044565462999999972
51.6,0.0,1,0,0.0,0.044565462999999972
51.65,0.0,2,0,0.0,0.044565462999999972
51.7,0.0,3,0,0.0,0.044565462999999972
51.75,1.0,4,0,0.0,0.044565462999999972
51.8,0.0,1,0,0.0,0.044565462999999972
51.85,0.0,2,0,0.0,0.044565462999999972
51.9,0.0,3,0,0.0,0.044565462999999972
51.95,1.0,4,0,0.0,0.044565462999999972
52.0,0.0,1,0,0.0,0.044565462999999972
52.05,0.0,2,0,0.0,0.044565462999999972
52.1,0.0,3,0,0.0,0.044565462999999972
52.15,1.0,4,0,0.0,0.044565462999999972
52.2,0.0,1,0,0.0,0.044565462999999972
52.25,0.0,2,0,0.0,0.044565462999999972
52.3,0.0,3,0,0.0,0.044565462999999972
52.35,1.0,4,0,0.0,0.044565462999999972
52.4,0.0,1,0,0.0,0.044565462999999972
52.45,0.0,2,0,0.0,0.044565462999999972
52.5,0.0,3,0,0.0,0.044565462999999972
52.55,1.0,4,0,0.0,0.044565462999999972
52.6,0.0,1,0,0.0,0.044565462999999972
52.65,0.0,2,0,0.0,0.044565462999999972
52.7,0.0,3,0,0.0,0.044565462999999972
52.75,1.0,4,0,0.0,0.044565462999999972
52.8,0.0,1,0,0.0,0.044565462999999972
52.85,0.0,2,0,0.0,0.044565462999999972
52.9,0.0,3,0,0.0,0.044565462999999972
52.95,1.0,4,0,0.0,0.044565462999999972
53.0,0.0,1,0,0.0,0.044565462999999972
53.05,0.0,2,0,0.0,0.044565462999999972
53.1,0.0,3,0,0.0,0.044565462999999972
53.15,1.0,4,0,0.0,0.044565462999999972
53.2,0.0,1,0,0.0,0.044565462999999972
53.25,0.0,2,0,0.0,0.044565462999999972
53.3,0.0,3,0,0.0,0.044565462999999972
53.35,1.0,4,0,0.0,0.044565462999999972
53.4,0.0,1,0,0.0,0.044565462999999972
53.45,0.0,2,0,0.0,0.044565462999999972
53.5,0.0,3,0,0.0,0.044565462999999972
53.55,1.0,4,0,0.0,0.044565462999999972
53.6,0.0,1,0,0.0,0.044565462999999972
53.65,0.0,2,0,0.0,0.044565462999999972
53.7,0.0,3,0,0.0,0.044565462999999972
53.75,1.0,4,0,0.0,0.044565462999999972
53.8,0.0,1,0,0.0,0.044565462999999972
53.85,0.0,2,0,0.0,0.044565462999999972
53.9,0.0,3,0,0.0,0.044565462999999972
53.95,1.0,4,0,0.0,0.044565462999999972
54.0,0.0,1,0,0.0,0.044565462999999972
54.05,0.0,2,0,0.0,0.044565462999999972
54.1,0.0,3,0,0.0,0.044565462999999972
54.15,1.0,4,0,0.0,0.044565462999999972
54.2,0.0,1,0,0.0,0.044565462999999972
54.25,0.0,2,0,0.0,0.044565462999999972
54.3,0.0,3,0,0.0,0.044565462999999972
54.35,1.0,4,0,0.0,0.044565462999999972
54.4,0.0,1,0,0.0,0.044565462999999972
54.45,0.0,2,0,0.0,0.044565462999999972
54.5,0.0,3,0,0.0,0.044565462999999972
54.55,1.0,4,0,0.0,0.044565462999999972
54.6,0.0,1,0,0.0,0.044565462999999972
54.65,0.0,2,0,0.0,0.044565462999999972
54.7,0.0,3,0,0.0,0.044565462999999972
54.75,1.0,4,0,0.0,0.044565462999999972
54.8,0.0,1,0,0.0,0.044565462999999972
54.85,0.0,2,0,0.0,0.044565462999999972
54.9,0.0,3,0,0.0,0.044565462999999972
54.95,1.0,4,0,0.0,0.044565462999999972
55.0,0.0,1,0,0.0,0.044565462999999972
55.05,0.0,2,0,0.0,0.044565462999999972
55.1,0.0,3,0,0.0,0.044565462999999972
55.15,1.0,4,0,0.0,0.044565462999999972
55.2,0.0,1,0,0.0,0.044565462999999972
55.25,0.0,2,0,0.0,0.044565462999999972
55.3,0.0,3,0,0.0,0.044565462999999972
55.35,1.0,4,0,0.0,0.044565462999999972
55.4,0.0,1,0,0.0,0.044565462999999972
55.45,0.0,2,0,0.0,0.044565462999999972
55.5,0.0,3,0,0.0,0.044565462999999972
55.55,1.0,4,0,0.0,0.044565462999999972
55.6,0.0,1,0,0.0,0.044565462999999972
55.65,0.0,2,0,0.0,0.044565462999999972
55.7,0.0,3,0,0.0,0.044565462999999972
55.75,1.0,4,0,0.0,0.044565462999999972
55.8,0.0,1,0,0.0,0.044565462999999972
55.85,0.0,2,0,0.0,0.044565462999999972
55.9,0.0,3,0,0.0,0.044565462999999972
55.95,1.0,4,0,0.0,0.044565462999999972
56.0,0.0,1,0,0.0,0.044565462999999972
56.05,0.0,2,0,0.0,0.044565462999999972
56.1,0.0,3,0,0.0,0.044565462999999972
56.15,1.0,4,0,0.0,0.044565462999999972
56.2,0.0,1,0,0.0,0.044565462999999972
56.25,0.0,2,0,0.0,0.044565462999999972
56.3,0.0,3,0,0.0,0.044565462999999972
56.35,1.0,4,0,0.0,0.044565462999999972
56.4,0.0,1,0,0.0,0.044565462999999972
56.45,0.0,2,0,0.0,0.044565462999999972
56.5,0.0,3,0,0.0,0.044565462999999972
56.55,1.0,4,0,0.0,0.044565462999999972
56.6,0.0,1,0,0.0,0.044565462999999972
56.65,0.0,2,0,0.0,0.044565462999999972
56.7,0.0,3,0,0.0,0.044565462999999972
56.75,1.0,4,0,0.0,0.044565462999999972
56.8,0.0,1,0,0.0,0.044565462999999972
56.85,0.0,2,0,0.0,0.044565462999999972
56.9,0.0,3,0,0.0,0.044565462999999972
56.95,1.0,4,0,0.0,0.044565462999999972
57.0,0.0,1,0,0.0,0.044565462999999972
57.05,0.0,2,0,0.0,0.044565462999999972
57.1,0.0,3,0,0.0,0.044565462999999972
57.15,1.0,4,0,0.0,0.044565462999999972
57.2,0.0,1,0,0.0,0.044565462999999972
57.25,0.0,2,0,0.0,0.044565462999999972
57.3,0.0,3,0,0.0,0.044565462999999972
57.35,1.0,4,0,0.0,0.044565462999999972
57.4,0.0,1,0,0.0,0.044565462999999972
57.45,0.0,2,0,0.0,0.044565462999999972
57.5,0.0,3,0,0.0,0.044565462999999972
57.55,1.0,4,0,0.0,0.044565462999999972
57.6,0.0,1,0,0.0,0.044565462999999972
57.65,0.0,2,0,0.0,0.044565462999999972
57.7,0.0,3,0,0.0,0.044565462999999972
57.75,1.0,4,0,0.0,0.044565462999999972
57.8,0.0,1,0,0.0,0.044565462999999972
57.85,0.0,2,0,0.0,0.044565462999999972
57.9,0.0,3,0,0.0,0.044565462999999972
57.95,1.0,4,0,0.0,0.044565462999999972
58.0,0.0,1,0,0.0,0.044565462999999972
58.05,0.0,2,0,0.0,0.044565462999999972
58.1,0.0,3,0,0.0,0.044565462999999972
58.15,1.0,4,0,0.0,0.044565462999999972
58.2,0.0,1,0,0.0,0.044565462999999972
58.25,0.0,2,0,0.0,0.044565462999999972
58.3,0.0,3,0,0.0,0.044565462999999972
58.35,1.0,4,0,0.0,0.044565462999999972
58.4,0.0,1,0,0.0,0.044565462999999972
58.45,0.0,2,0,0.0,0.044565462999999972
58.5,0.0,3,0,0.0,0.044565462999999972
58.55,1.0,4,0,0.0,0.044565462999999972
58.6,0.0,1,0,0.0,0.044565462999999972
58.65,0.0,2,0,0.0,0.044565462999999972
58.7,0.0,3,0,0.0,0.044565462999999972
58.75,1.0,4,0,0.0,0.044565462999999972
58.8,0.0,1,0,0.0,0.044565462999999972
58.85,0.0,2,0,0.0,0.044565462999999972
58.9,0.0,3,0,0.0,0.044565462999999972
58.95,1.0,4,0,0.0,0.044565462999999972
59.0,0.0,1,0,0.0,0.044565462999999972
59.05,0.0,2,0,0.0,0.044565462999999972
59.1,0.0,3,0,0.0,0.044565462999999972
59.15,1.0,4,0,0.0,0.044565462999999972
59.2,0.0,1,0,0.0,0.044565462999999972
59.25,0.0,2,0,0.0,0.044565462999999972
59.3,0.0,3,0,0.0,0.044565462999999972
59.35,1.0,4,0,0.0,0.044565462999999972
59.4,0.0,1,0,0.0,0.044565462999999972
59.45,0.0,2,0,0.0,0.044565462999999972
59.5,0.0,3,0,0.0,0.044565462999999972
59.55,1.0,4,0,0.0,0.044565462999999972
59.6,0.0,1,0,0.0,0.044565462999999972
59.65,0.0,2,0,0.0,0.044565462999999972
59.7,0.0,3,0,0.0,0.044565462999999972
59.75,1.0,4,0,0.0,0.044565462999999972
59.8,0.0,1,0,0.0,0.044565462999999972
59.85,0.0,2,0,0.0,0.044565462999999972
59.9,0.0,3,0,0.0,0.044565462999999972
59.95,1.0,4,0,0.0,0.044565462999999972
60.0,0.0,1,0,0.0,0.044565462999999972
60.05,0.0,2,0,0.0,0.044565462999999972
60.1,0.0,3,0,0.0,0.044565462999999972
60.15,1.0,4,0,0.0,0.044565462999999972
60.2,0.0,1,0,0.0,0.044565462999999972
60.25,0.0,2,0,0.0,0.044565462999999972
60.3,0.0,3,0,0.0,0.044565462999999972
60.35,1.0,4,0,0.0,0.044565462999999972
60.4,0.0,1,0,0.0,0.044565462999999972
60.45,0.0,2,0,0.0,0.044565462999999972
60.5,0.0,3,0,0.0,0.044565462999999972
60.55,1.0,4,0,0.0,0.044565462999999972
60.6,0.0,1,0,0.0,0.044565462999999972
60.65,0.0,2,0,0.0,0.044565462999999972
60.7,0.0,3,0,0.0,0.044565462999999972
60.75,1.0,4,0,0.0,0.044565462999999972
60.8,0.0,1,0,0.0,0.044565462999999972
60.85,0.0,2,0,0.0,0.044565462999999972
60.9,0.0,3,0,0.0,0.044565462999999972
60.95,1.0,4,0,0.0,0.044565462999999972
61.0,0.0,1,0,0.0,0.044565462999999972
61.05,0.0,2,0,0.0,0.044565462999999972
61.1,0.0,3,0,0.0,0.044565462999999972
61.15,1.0,4,0,0.0,0.044565462999999972
61.2,0.0,1,0,0.0,0.044565462999999972
61.25,0.0,2,0,0.0,0.044565462999999972
61.3,0.0,3,0,0.0,0.044565462999999972
61.35,1.0,4,0,0.0,0.044565462999999972
61.4,0.0,1,0,0.0,0.044565462999999972
61.45,0.0,2,0,0.0,0.044565462999999972
61.5,0.0,3,0,0.0,0.044565462999999972
61.55,1.0,4,0,0.0,0.044565462999999972
61.6,0.0,1,0,0.0,0.044565462999999972
61.65,0.0,2,0,0.0,0.044565462999999972
61.7,0.0,3,0,0.0,0.044565462999999972
61.75,1.0,4,0,0.0,0.044565462999999972
61.8,0.0,1,0,0.0,0.044565462999999972
61.85,0.0,2,0,0.0,0.044565462999999972
61.9,0.0,3,0,0.0,0.044565462999999972
61.95,1.0,4,0,0.0,0.044565462999999972
62.0,0.0,1,0,0.0,0.044565462999999972
62.05,0.0,2,0,0.0,0.044565462999999972
62.1,0.0,3,0,0.0,0.044565462999999972
62.15,1.0,4,0,0.0,0.044565462999999972
62.2,0.0,1,0,0.0,0.044565462999999972
62.25,0.0,2,0,0.0,0.044565462999999972
62.3,0.0,3,0,0.0,0.044565462999999972
62.35,1.0,4,0,0.0,0.044565462999999972
62.4,0.0,1,0,0.0,0.044565462999999972
62.45,0.0,2,0,0.0,0.044565462999999972
62.5,0.0,3,0,0.0,0.044565462999999972
62.55,1.0,4,0,0.0,0.044565462999999972
62.6,0.0,1,0,0.0,0.044565462999999972
62.65,0.0,2,0,0.0,0.044565462999999972
62.7,0.0,3,0,0.0,0.044565462999999972
62.75,1.0,4,0,0.0,0.044565462999999972
62.8,0.0,1,0,0.0,0.044565462999999972
62.85,0.0,2,0,0.0,0.044565462999999972
62.9,0.0,3,0,0.0,0.044565462999999972
62.95,1.0,4,0,0.0,0.044565462999999972
63.0,0.0,1,0,0.0,0.044565462999999972
63.05,0.0,2,0,0.0,0.044565462999999972
63.1,0.0,3,0,0.0,0.044565462999999972
63.15,1.0,4,0,0.0,0.044565462999999972
63.2,0.0,1,0,0.0,0.044565462999999972
63.25,0.0,2,0,0.0,0.044565462999999972
63.3,0.0,3,0,0.0,0.044565462999999972
63.35,1.0,4,0,0.0,0.044565462999999972
63.4,0.0,1,0,0.0,0.044565462999999972
63.45,0.0,2,0,0.0,0.044565462999999972
63.5,0.0,3,0,0.0,0.044565462999999972
63.55,1.0,4,0,0.0,0.044565462999999972
63.6,0.0,1,0,0.0,0.044565462999999972
63.65,0.0,2,0,0.0,0.044565462999999972
63.7,0.0,3,0,0.0,0.044565462999999972
63.75,1.0,4,0,0.0,0.044565462999999972
63.8,0.0,1,0,0.0,0.044565462999999972
63.85,0.0,2,0,0.0,0.044565462999999972
63.9,0.0,3,0,0.0,0.044565462999999972
63.95,1.0,4,0,0.0,0.044565462999999972
64.0,0.0,1,0,0.0,0.044565462999999972
64.05,0.0,2,0,0.0,0.044565462999999972
64.1,0.0,3,0,0.0,0.044565462999999972
64.15,1.0,4,0,0.0,0.044565462999999972
64.2,0.0,1,0,0.0,0.044565462999999972
64.25,0.0,2,0,0.0,0.044565462999999972
64.3,0.0,3,0,0.0,0.044565462999999972
64.35,1.0,4,0,0.0,0.044565462999999972
64.4,0.0,1,0,0.0,0.044565462999999972
64.45,0.0,2,0,0.0,0.044565462999999972
64.5,0.0,3,0,0.0,0.044565462999999972
64.55,1.0,4,0,0.0,0.044565462999999972
64.6,0.0,1,0,0.0,0.044565462999999972
64.65,0.0,2,0,0.0,0.044565462999999972
64.7,0.0,3,0,0.0,0.044565462999999972
64.75,1.0,4,0,0.0,0.044565462999999972
64.8,0.0,1,0,0.0,0.044565462999999972
64.85,0.0,2,0,0.0,0.044565462999999972
64.9,0.0,3,0,0.0,0.044565462999999972
64.95,1.0,4,0,0.0,0.044565462999999972
65.0,0.0,1,0,0.0,0.044565462999999972
65.05,0.0,2,0,0.0,0.044565462999999972
65.1,0.0,3,0,0.0,0.044565462999999972
65.15,1.0,4,0,0.0,0.044565462999999972
65.2,0.0,1,0,0.0,0.044565462999999972
65.25,0.0,2,0,0.0,0.044565462999999972
65.3,0.0,3,0,0.0,0.044565462999999972
65.35,1.0,4,0,0.0,0.044565462999999972
65.4,0.0,1,0,0.0,0.044565462999999972
65.45,0.0,2,0,0.0,0.044565462999999972
65.5,0.0,3,0,0.0,0.044565462999999972
65.55,1.0,4,0,0.0,0.044565462999999972
65.6,0.0,1,0,0.0,0.044565462999999972
65.65,0.0,2,0,0.0,0.044565462999999972
65.7,0.0,3,0,0.0,0.044565462999999972
65.75,1.0,4,0,0.0,0.044565462999999972
65.8,0.0,1,0,0.0,0.044565462999999972
65.85,0.0,2,0,0.0,0.044565462999999972
65.9,0.0,3,0,0.0,0.044565462999999972
65.95,1.0,4,0,0.0,0.044565462999999972
66.0,0.0,1,0,0.0,0.044565462999999972
66.05,0.0,2,0,0.0,0.044565462999999972
66.1,0.0,3,0,0.0,0.044565462999999972
66.15,1.0,4,0,0.0,0.044565462999999972
66.2,0.0,1,0,0.0,0.044565462999999972
66.25,0.0,2,0,0.0,0.044565462999999972
66.3,0.0,3,0,0.0,0.044565462999999972
66.35,1.0,4,0,0.0,0.044565462999999972
66.4,0.0,1,0,0.0,0.044565462999999972
66.45,0.0,2,0,0.0,0.044565462999999972
66.5,0.0,3,0,0.0,0.044565462999999972
66.55,1.0,4,0,0.0,0.044565462999999972
66.6,0.0,1,0,0.0,0.044565462999999972
66.65,0.0,2,0,0.0,0.044565462999999972
66.7,0.0,3,0,0.0,0.044565462999999972
66.75,1.0,4,0,0.0,0.044565462999999972
66.8,0.0,1,0,0.0,0.044565462999999972
66.85,0.0,2,0,0.0,0.044565462999999972
66.9,0.0,3,0,0.0,0.044565462999999972
66.95,1.0,4,0,0.0,0.044565462999999972
67.0,0.0,1,0,0.0,0.044565462999999972
67.05,0.0,2,0,0.0,0.044565462999999972
67.1,0.0,3,0,0.0,0.044565462999999972
67.15,1.0,4,0,0.0,0.044565462999999972
67.2,0.0,1,0,0.0,0.044565462999999972
67.25,0.0,2,0,0.0,0.044565462999999972
67.3,0.0,3,0,0.0,0.044565462999999972
67.35,1.0,4,0,0.0,0.044565462999999972
67.4,0.0,1,0,0.0,0.044565462999999972
67.45,0.0,2,0,0.0,0.044565462999999972
67.5,0.0,3,0,0.0,0.044565462999999972
67.55,1.0,4,0,0.0,0.044565462999999972
67.6,0.0,1,0,0.0,0.044565462999999972
67.65,0.0,2,0,0.0,0.044565462999999972
67.7,0.0,3,0,0.0,0.044565462999999972
67.75,1.0,4,0,0.0,0.044565462999999972
67.8,0.0,1,0,0.0,0.044565462999999972
67.85,0.0,2,0,0.0,0.044565462999999972
67.9,0.0,3,0,0.0,0.044565462999999972
67.95,1.0,4,0,0.0,0.044565462999999972
68.0,0.0,1,0,0.0,0.044565462999999972
68.05,0.0,2,0,0.0,0.044565462999999972
68.1,0.0,3,0,0.0,0.044565462999999972
68.15,1.0,4,0,0.0,0.044565462999999972
68.2,0.0,1,0,0.0,0.044565462999999972
68.25,0.0,2,0,0.0,0.044565462999999972
68.3,0.0,3,0,0.0,0.044565462999999972
68.35,1.0,4,0,0.0,0.044565462999999972
68.4,0.0,1,0,0.0,0.044565462999999972
68.45,0.0,2,0,0.0,0.044565462999999972
68.5,0.0,3,0,0.0,0.044565462999999972
68.55,1.0,4,0,0.0,0.044565462999999972
68.6,0.0,1,0,0.0,0.044565462999999972
68.65,0.0,2,0,0.0,0.044565462999999972
68.7,0.0,3,0,0.0,0.044565462999999972
68.75,1.0,4,0,0.0,0.044565462999999972
68.8,0.0,1,0,0.0,0.044565462999999972
68.85,0.0,2,0,0.0,0.044565462999999972
68.9,0.0,3,0,0.0,0.044565462999999972
68.95,1.0,4,0,0.0,0.044565462999999972
69.0,0.0,1,0,0.0,0.044565462999999972
69.05,0.0,2,0,0.0,0.044565462999999972
69.1,0.0,3,0,0.0,0.044565462999999972
69.15,1.0,4,0,0.0,0.044565462999999972
69.2,0.0,1,0,0.0,0.044565462999999972
69.25,0.0,2,0,0.0,0.044565462999999972
69.3,0.0,3,0,0.0,0.044565462999999972
69.35,1.0,4,0,0.0,0.044565462999999972
69.4,0.0,1,0,0.0,0.044565462999999972
69.45,0.0,2,0,0.0,0.044565462999999972
69.5,0.0,3,0,0.0,0.044565462999999972
69.55,1.0,4,0,0.0,0.044565462999999972
69.6,0.0,1,0,0.0,0.044565462999999972
69.65,0.0,2,0,0.0,0.044565462999999972
69.7,0.0,3,0,0.0,0.044565462999999972
69.75,1.0,4,0,0.0,0.044565462999999972
69.8,0.0,1,0,0.0,0.044565462999999972
69.85,0.0,2,0,0.0,0.044565462999999972
69.9,0.0,3,0,0.0,0.044565462999999972
69.95,1.0,4,0,0.0,0.044565462999999972
70.0,0.0,1,0,0.0,0.044565462999999972
70.05,0.0,2,0,0.0,0.044565462999999972
70.1,0.0,3,0,0.0,0.044565462999999972
70.15,1.0,4,0,0.0,0.044565462999999972
70.2,0.0,1,0,0.0,0.044565462999999972
70.25,0.0,2,0,0.0,0.044565462999999972
70.3,0.0,3,0,0.0,0.044565462999999972
70.35,1.0,4,0,0.0,0.044565462999999972
70.4,0.0,1,0,0.0,0.044565462999999972
70.45,0.0,2,0,0.0,0.044565462999999972
70.5,0.0,3,0,0.0,0.044565462999999972
70.55,1.0,4,0,0.0,0.044565462999999972
70.6,0.0,1,0,0.0,0.044565462999999972
70.65,0.0,2,0,0.0,0.044565462999999972
70.7,0.0,3,0,0.0,0.044565462999999972
70.75,1.0,4,0,0.0,0.044565462999999972
70.8,0.0,1,0,0.0,0.044565462999999972
70.85,0.0,2,0,0.0,0.044565462999999972
70.9,0.0,3,0,0.0,0.044565462999999972
70.95,1.0,4,0,0.0,0.044565462999999972
71.0,0.0,1,0,0.0,0.044565462999999972
71.05,0.0,2,0,0.0,0.044565462999999972
71.1,0.0,3,0,0.0,0.044565462999999972
71.15,1.0,4,0,0.0,0.044565462999999972
71.2,0.0,1,0,0.0,0.044565462999999972
71.25,0.0,2,0,0.0,0.044565462999999972
71.3,0.0,3,0,0.0,0.044565462999999972
71.35,1.0,4,0,0.0,0.044565462999999972
71.4,0.0,1,0,0.0,0.044565462999999972
71.45,0.0,2,0,0.0,0.044565462999999972
71.5,0.0,3,0,0.0,0.044565462999999972
71.55,1.0,4,0,0.0,0.044565462999999972
71.6,0.0,1,0,0.0,0.044565462999999972
71.65,0.0,2,0,0.0,0.044565462999999972
71.7,0.0,3,0,0.0,0.044565462999999972
71.75,1.0,4,0,0.0,0.044565462999999972
71.8,0.0,1,0,0.0,0.044565462999999972
71.85,0.0,2,0,0.0,0.044565462999999972
71.9,0.0,3,0,0.0,0.044565462999999972
71.95,1.0,4,0,0.0,0.044565462999999972
72.0,0.0,1,0,0.0,0.044565462999999972
72.05,0.0,2,0,0.0,0.044565462999999972
72.1,0.0,3,0,0.0,0.044565462999999972
72.15,1.0,4,0,0.0,0.044565462999999972
72.2,0.0,1,0,0.0,0.044565462999999972
72.25,0.0,2,0,0.0,0.044565462999999972
72.3,0.0,3,0,0.0,0.044565462999999972
72.35,1.0,4,0,0.0,0.044565462999999972
72.4,0.0,1,0,0.0,0.044565462999999972
72.45,0.0,2,0,0.0,0.044565462999999972
72.5,0.0,3,0,0.0,0.044565462999999972
72.55,1.0,4,0,0.0,0.044565462999999972
72.6,0.0,1,0,0.0,0.044565462999999972
72.65,0.0,2,0,0.0,0.044565462999999972
72.7,0.0,3,0,0.0,0.044565462999999972
72.75,1.0,4,0,0.0,0.044565462999999972
72.8,0.0,1,0,0.0,0.044565462999999972
72.85,0.0,2,0,0.0,0.044565462999999972
72.9,0.0,3,0,0.0,0.044565462999999972
72.95,1.0,4,0,0.0,0.044565462999999972
73.0,0.0,1,0,0.0,0.044565462999999972
73.05,0.0,2,0,0.0,0.044565462999999972
73.1,0.0,3,0,0.0,0.044565462999999972
73.15,1.0,4,0,0.0,0.044565462999999972
73.2,0.0,1,0,0.0,0.044565462999999972
73.25,0.0,2,0,0.0,0.044565462999999972
73.3,0.0,3,0,0.0,0.044565462999999972
73.35,1.0,4,0,0.0,0.044565462999999972
73.4,0.0,1,0,0.0,0.044565462999999972
73.45,0.0,2,0,0.0,0.044565462999999972
73.5,0.0,3,0,0.0,0.044565462999999972
73.55,1.0,4,0,0.0,0.044565462999999972
73.6,0.0,1,0,0.0,0.044565462999999972
73.65,0.0,2,0,0.0,0.044565462999999972
73.7,0.0,3,0,0.0,0.044565462999999972
73.75,1.0,4,0,0.0,0.044565462999999972
73.8,0.0,1,0,0.0,0.044565462999999972
73.85,0.0,2,0,0.0,0.044565462999999972
73.9,0.0,3,0,0.0,0.044565462999999972
73.95,1.0,4,0,0.0,0.044565462999999972
74.0,0.0,1,0,0.0,0.044565462999999972
74.05,0.0,2,0,0.0,0.044565462999999972
74.1,0.0,3,0,0.0,0.044565462999999972
74.15,1.0,4,0,0.0,0.044565462999999972
74.2,0.0,1,0,0.0,0.044565462999999972
74.25,0.0,2,0,0.0,0.044565462999999972
74.3,0.0,3,0,0.0,0.044565462999999972
74.35,1.0,4,0,0.0,0.044565462999999972
74.4,0.0,1,0,0.0,0.044565462999999972
74.45,0.0,2,0,0.0,0.044565462999999972
74.5,0.0,3,0,0.0,0.044565462999999972
74.55,1.0,4,0,0.0,0.044565462999999972
74.6,0.0,1,0,0.0,0.044565462999999972
74.65,0.0,2,0,0.0,0.044565462999999972
74.7,0.0,3,0,0.0,0.044565462999999972
74.75,1.0,4,0,0.0,0.044565462999999972
74.8,0.0,1,0,0.0,0.044565462999999972
74.85,0.0,2,0,0.0,0.044565462999999972
74.9,0.0,3,0,0.0,0.044565462999999972
74.95,1.0,4,0,0.0,0.044565462999999972
75.0,0.0,1,0,0.0,0.044565462999999972
75.05,0.0,2,0,0.0,0.044565462999999972
75.1,0.0,3,0,0.0,0.044565462999999972
75.15,1.0,4,0,0.0,0.044565462999999972
75.2,0.0,1,0,0.0,0.044565462999999972
75.25,0.0,2,0,0.0,0.044565462999999972
75.3,0.0,3,0,0.0,0.044565462999999972
75.35,1.0,4,0,0.0,0.044565462999999972
75.4,0.0,1,0,0.0,0.044565462999999972
75.45,0.0,2,0,0.0,0.044565462999999972
75.5,0.0,3,0,0.0,0.044565462999999972
75.55,1.0,4,0,0.0,0.044565462999999972
75.6,0.0,1,0,0.0,0.044565462999999972
75.65,0.0,2,0,0.0,0.044565462999999972
75.7,0.0,3,0,0.0,0.044565462999999972
75.75,1.0,4,0,0.0,0.044565462999999972
75.8,0.0,1,0,0.0,0.044565462999999972
75.85,0.0,2,0,0.0,0.044565462999999972
75.9,0.0,3,0,0.0,0.044565462999999972
75.95,1.0,4,0,0.0,0.044565462999999972
76.0,0.0,1,0,0.0,0.044565462999999972
76.05,0.0,2,0,0.0,0.044565462999999972
76.1,0.0,3,0,0.0,0.044565462999999972
76.15,1.0,4,0,0.0,0.044565462999999972
76.2,0.0,1,0,0.0,0.044565462999999972
76.25,0.0,2,0,0.0,0.044565462999999972
76.3,0.0,3,0,0.0,0.044565462999999972
76.35,1.0,4,0,0.0,0.044565462999999972
76.4,0.0,1,0,0.0,0.044565462999999972
76.45,0.0,2,0,0.0,0.044565462999999972
76.5,0.0,3,0,0.0,0.044565462999999972
76.55,1.0,4,0,0.0,0.044565462999999972
76.6,0.0,1,0,0.0,0.044565462999999972
76.65,0.0,2,0,0.0,0.044565462999999972
76.7,0.0,3,0,0.0,0.044565462999999972
76.75,1.0,4,0,0.0,0.044565462999999972
76.8,0.0,1,0,0.0,0.044565462999999972
76.85,0.0,2,0,0.0,0.044565462999999972
76.9,0.0,3,0,0.0,0.044565462999999972
76.95,1.0,4,0,0.0,0.044565462999999972
77.0,0.0,1,0,0.0,0.044565462999999972
77.05,0.0,2,0,0.0,0.044565462999999972
77.1,0.0,3,0,0.0,0.044565462999999972
77.15,1.0,4,0,0.0,0.044565462999999972
77.2,0.0,1,0,0.0,0.044565462999999972
77.25,0.0,2,0,0.0,0.044565462999999972
77.3,0.0,3,0,0.0,0.044565462999999972
77.35,1.0,4,0,0.0,0.044565462999999972
77.4,0.0,1,0,0.0,0.044565462999999972
77.45,0.0,2,0,0.0,0.044565462999999972
77.5,0.0,3,0,0.0,0.044565462999999972
77.55,1.0,4,0,0.0,0.044565462999999972
77.6,0.0,1,0,0.0,0.044565462999999972
77.65,0.0,2,0,0.0,0.044565462999999972
77.7,0.0,3,0,0.0,0.044565462999999972
77.75,1.0,4,0,0.0,0.044565462999999972
77.8,0.0,1,0,0.0,0.044565462999999972
77.85,0.0,2,0,0.0,0.044565462999999972
77.9,0.0,3,0,0.0,0.044565462999999972
77.95,1.0,4,0,0.0,0.044565462999999972
78.0,0.0,1,0,0.0,0.044565462999999972
78.05,0.0,2,0,0.0,0.044565462999999972
78.1,0.0,3,0,0.0,0.044565462999999972
78.15,1.0,4,0,0.0,0.044565462999999972
78.2,0.0,1,0,0.0,0.044565462999999972
78.25,0.0,2,0,0.0,0.044565462999999972
78.3,0.0,3,0,0.0,0.044565462999999972
78.35,1.0,4,0,0.0,0.044565462999999972
78.4,0.0,1,0,0.0,0.044565462999999972
78.45,0.0,2,0,0.0,0.044565462999999972
78.5,0.0,3,0,0.0,0.044565462999999972
78.55,1.0,4,0,0.0,0.044565462999999972
78.6,0.0,1,0,0.0,0.044565462999999972
78.65,0.0,2,0,0.0,0.044565462999999972
78.7,0.0,3,0,0.0,0.044565462999999972
78.75,1.0,4,0,0.0,0.044565462999999972
78.8,0.0,1,0,0.0,0.044565462999999972
78.85,0.0,2,0,0.0,0.044565462999999972
78.9,0.0,3,0,0.0,0.044565462999999972
78.95,1.0,4,0,0.0,0.044565462999999972
79.0,0.0,1,0,0.0,0.044565462999999972
79.05,0.0,2,0,0.0,0.044565462999999972
79.1,0.0,3,0,0.0,0.044565462999999972
79.15,1.0,4,0,0.0,0.044565462999999972
79.2,0.0,1,0,0.0,0.044565462999999972
79.25,0.0,2,0,0.0,0.044565462999999972
79.3,0.0,3,0,0.0,0.044565462999999972
79.35,1.0,4,0,0.0,0.044565462999999972
79.4,0.0,1,0,0.0,0.044565462999999972
79.45,0.0,2,0,0.0,0.044565462999999972
79.5,0.0,3,0,0.0,0.044565462999999972
79.55,1.0,4,0,0.0,0.044565462999999972
79.6,0.0,1,0,0.0,0.044565462999999972
79.65,0.0,2,0,0.0,0.044565462999999972
79.7,0.0,3,0,0.0,0.044565462999999972
79.75,1.0,4,0,0.0,0.044565462999999972
79.8,0.0,1,0,0.0,0.044565462999999972
79.85,0.0,2,0,0.0,0.044565462999999972
79.9,0.0,3,0,0.0,0.044565462999999972
79.95,1.0,4,0,0.0,0.044565462999999972
80.0,0.0,1,0,0.0,0.044565462999999972
80.05,0.0,2,0,0.0,0.044565462999999972
80.1,0.0,3,0,0.0,0.044565462999999972
80.15,1.0,4,0,0.0,0.044565462999999972
80.2,0.0,1,0,0.0,0.044565462999999972
80.25,0.0,2,0,0.0,0.044565462999999972
80.3,0.0,3,0,0.0,0.044565462999999972
80.35,1.0,4,0,0.0,0.044565462999999972
80.4,0.0,1,0,0.0,0.044565462999999972
80.45,0.0,2,0,0.0,0.044565462999999972
80.5,0.0,3,0,0.0,0.044565462999999972
80.55,1.0,4,0,0.0,0.044565462999999972
80.6,0.0,1,0,0.0,0.044565462999999972
80.65,0.0,2,0,0.0,0.044565462999999972
80.7,0.0,3,0,0.0,0.044565462999999972
80.75,1.0,4,0,0.0,0.044565462999999972
80.8,0.0,1,0,0.0,0.044565462999999972
80.85,0.0,2,0,0.0,0.044565462999999972
80.9,0.0,3,0,0.0,0.044565462999999972
80.95,1.0,4,0,0.0,0.044565462999999972
81.0,0.0,1,0,0.0,0.044565462999999972
81.05,0.0,2,0,0.0,0.044565462999999972
81.1,0.0,3,0,0.0,0.044565462999999972
81.15,1.0,4,0,0.0,0.044565462999999972
81.2,0.0,1,0,0.0,0.044565462999999972
81.25,0.0,2,0,0.0,0.044565462999999972
81.3,0.0,3,0,0.0,0.044565462999999972
81.35,1.0,4,0,0.0,0.044565462999999972
81.4,0.0,1,0,0.0,0.044565462999999972
81.45,0.0,2,0,0.0,0.044565462999999972
81.5,0.0,3,0,0.0,0.044565462999999972
81.55,1.0,4,0,0.0,0.044565462999999972
81.6,0.0,1,0,0.0,0.044565462999999972
81.65,0.0,2,0,0.0,0.044565462999999972
81.7,0.0,3,0,0.0,0.044565462999999972
81.75,1.0,4,0,0.0,0.044565462999999972
81.8,0.0,1,0,0.0,0.044565462999999972
81.85,0.0,2,0,0.0,0.044565462999999972
81.9,0.0,3,0,0.0,0.044565462999999972
81.95,1.0,4,0,0.0,0.044565462999999972
82.0,0.0,1,0,0.0,0.044565462999999972
82.05,0.0,2,0,0.0,0.044565462999999972
82.1,0.0,3,0,0.0,0.044565462999999972
82.15,1.0,4,0,0.0,0.044565462999999972
82.2,0.0,1,0,0.0,0.044565462999999972
82.25,0.0,2,0,0.0,0.044565462999999972
82.3,0.0,3,0,0.0,0.044565462999999972
82.35,1.0,4,0,0.0,0.044565462999999972
82.4,0.0,1,0,0.0,0.044565462999999972
82.45,0.0,2,0,0.0,0.044565462999999972
82.5,0.0,3,0,0.0,0.044565462999999972
82.55,1.0,4,0,0.0,0.044565462999999972
82.6,0.0,1,0,0.0,0.044565462999999972
82.65,0.0,2,0,0.0,0.044565462999999972
82.7,0.0,3,0,0.0,0.044565462999999972
82.75,1.0,4,0,0.0,0.044565462999999972
82.8,0.0,1,0,0.0,0.044565462999999972
82.85,0.0,2,0,0.0,0.044565462999999972
82.9,0.0,3,0,0.0,0.044565462999999972
82.95,1.0,4,0,0.0,0.044565462999999972
83.0,0.0,1,0,0.0,0.044565462999999972
83.05,0.0,2,0,0.0,0.044565462999999972
83.1,0.0,3,0,0.0,0.044565462999999972
83.15,1.0,4,0,0.0,0.044565462999999972
83.2,0.0,1,0,0.0,0.044565462999999972
83.25,0.0,2,0,0.0,0.044565462999999972
83.3,0.0,3,0,0.0,0.044565462999999972
83.35,1.0,4,0,0.0,0.044565462999999972
83.4,0.0,1,0,0.0,0.044565462999999972
83.45,0.0,2,0,0.0,0.044565462999999972
83.5,0.0,3,0,0.0,0.044565462999999972
83.55,1.0,4,0,0.0,0.044565462999999972
83.6,0.0,1,0,0.0,0.044565462999999972
83.65,0.0,2,0,0.0,0.044565462999999972
83.7,0.0,3,0,0.0,0.044565462999999972
83.75,1.0,4,0,0.0,0.044565462999999972
83.8,0.0,1,0,0.0,0.044565462999999972
83.85,0.0,2,0,0.0,0.044565462999999972
83.9,0.0,3,0,0.0,0.044565462999999972
83.95,1.0,4,0,0.0,0.044565462999999972
84.0,0.0,1,0,0.0,0.044565462999999972
84.05,0.0,2,0,0.0,0.044565462999999972
84.1,0.0,3,0,0.0,0.044565462999999972
84.15,1.0,4,0,0.0,0.044565462999999972
84.2,0.0,1,0,0.0,0.044565462999999972
84.25,0.0,2,0,0.0,0.044565462999999972
84.3,0.0,3,0,0.0,0.044565462999999972
84.35,1.0,4,0,0.0,0.044565462999999972
84.4,0.0,1,0,0.0,0.044565462999999972
84.45,0.0,2,0,0.0,0.044565462999999972
84.5,0.0,3,0,0.0,0.044565462999999972
84.55,1.0,4,0,0.0,0.044565462999999972
84.6,0.0,1,0,0.0,0.044565462999999972
84.65,0.0,2,0,0.0,0.044565462999999972
84.7,0.0,3,0,0.0,0.044565462999999972
84.75,1.0,4,0,0.0,0.044565462999999972
84.8,0.0,1,0,0.0,0.044565462999999972
84.85,0.0,2,0,0.0,0.044565462999999972
84.9,0.0,3,0,0.0,0.044565462999999972
84.95,1.0,4,0,0.0,0.044565462999999972
85.0,0.0,1,0,0.0,0.044565462999999972
85.05,0.0,2,0,0.0,0.044565462999999972
85.1,0.0,3,0,0.0,0.044565462999999972
85.15,1.0,4,0,0.0,0.044565462999999972
85.2,0.0,1,0,0.0,0.044565462999999972
85.25,0.0,2,0,0.0,0.044565462999999972
85.3,0.0,3,0,0.0,0.044565462999999972
85.35,1.0,4,0,0.0,0.044565462999999972
85.4,0.0,1,0,0.0,0.044565462999999972
85.45,0.0,2,0,0.0,0.044565462999999972
85.5,0.0,3,0,0.0,0.044565462999999972
85.55,1.0,4,0,0.0,0.044565462999999972
85.6,0.0,1,0,0.0,0.044565462999999972
85.65,0.0,2,0,0.0,0.044565462999999972
85.7,0.0,3,0,0.0,0.044565462999999972
85.75,1.0,4,0,0.0,0.044565462999999972
85.8,0.0,1,0,0.0,0.044565462999999972
85.85,0.0,2,0,0.0,0.044565462999999972
85.9,0.0,3,0,0.0,0.044565462999999972
85.95,1.0,4,0,0.0,0.044565462999999972
86.0,0.0,1,0,0.0,0.044565462999999972
86.05,0.0,2,0,0.0,0.044565462999999972
86.1,0.0,3,0,0.0,0.044565462999999972
86.15,1.0,4,0,0.0,0.044565462999999972
86.2,0.0,1,0,0.0,0.044565462999999972
86.25,0.0,2,0,0.0,0.044565462999999972
86.3,0.0,3,0,0.0,0.044565462999999972
86.35,1.0,4,0,0.0,0.044565462999999972
86.4,0.0,1,0,0.0,0.044565462999999972
86.45,0.0,2,0,0.0,0.044565462999999972
86.5,0.0,3,0,0.0,0.044565462999999972
86.55,1.0,4,0,0.0,0.044565462999999972
86.6,0.0,1,0,0.0,0.044565462999999972
86.65,0.0,2,0,0.0,0.044565462999999972
86.7,0.0,3,0,0.0,0.044565462999999972
86.75,1.0,4,0,0.0,0.044565462999999972
86.8,0.0,1,0,0.0,0.044565462999999972
86.85,0.0,2,0,0.0,0.044565462999999972
86.9,0.0,3,0,0.0,0.044565462999999972
86.95,1.0,4,0,0.0,0.044565462999999972
87.0,0.0,1,0,0.0,0.044565462999999972
87.05,0.0,2,0,0.0,0.044565462999999972
87.1,0.0,3,0,0.0,0.044565462999999972
87.15,1.0,4,0,0.0,0.044565462999999972
87.2,0.0,1,0,0.0,0.044565462999999972
87.25,0.0,2,0,0.0,0.044565462999999972
87.3,0.0,3,0,0.0,0.044565462999999972
87.35,1.0,4,0,0.0,0.044565462999999972
87.4,0.0,1,0,0.0,0.044565462999999972
87.45,0.0,2,0,0.0,0.044565462999999972
87.5,0.0,3,0,0.0,0.044565462999999972
87.55,1.0,4,0,0.0,0.044565462999999972
87.6,0.0,1,0,0.0,0.044565462999999972
87.65,0.0,2,0,0.0,0.044565462999999972
87.7,0.0,3,0,0.0,0.044565462999999972
87.75,1.0,4,0,0.0,0.044565462999999972
87.8,0.0,1,0,0.0,0.044565462999999972
87.85,0.0,2,0,0.0,0.044565462999999972
87.9,0.0,3,0,0.0,0.044565462999999972
87.95,1.0,4,0,0.0,0.044565462999999972
88.0,0.0,1,0,0.0,0.044565462999999972
88.05,0.0,2,0,0.0,0.044565462999999972
88.1,0.0,3,0,0.0,0.044565462999999972
88.15,1.0,4,0,0.0,0.044565462999999972
88.2,0.0,1,0,0.0,0.044565462999999972
88.25,0.0,2,0,0.0,0.044565462999999972
88.3,0.0,3,0,0.0,0.044565462999999972
88.35,1.0,4,0,0.0,0.044565462999999972
88.4,0.0,1,0,0.0,0.044565462999999972
88.45,0.0,2,0,0.0,0.044565462999999972
88.5,0.0,3,0,0.0,0.044565462999999972
88.55,1.0,4,0,0.0,0.044565462999999972
88.6,0.0,1,0,0.0,0.044565462999999972
88.65,0.0,2,0,0.0,0.044565462999999972
88.7,0.0,3,0,0.0,0.044565462999999972
88.75,1.0,4,0,0.0,0.044565462999999972
88.8,0.0,1,0,0.0,0.044565462999999972
88.85,0.0,2,0,0.0,0.044565462999999972
88.9,0.0,3,0,0.0,0.044565462999999972
88.95,1.0,4,0,0.0,0.044565462999999972
89.0,0.0,1,0,0.0,0.044565462999999972
89.05,0.0,2,0,0.0,0.044565462999999972
89.1,0.0,3,0,0.0,0.044565462999999972
89.15,1.0,4,0,0.0,0.044565462999999972
89.2,0.0,1,0,0.0,0.044565462999999972
89.25,0.0,2,0,0.0,0.044565462999999972
89.3,0.0,3,0,0.0,0.044565462999999972
89.35,1.0,4,0,0.0,0.044565462999999972
89.4,0.0,1,0,0.0,0.044565462999999972
89.45,0.0,2,0,0.0,0.044565462999999972
89.5,0.0,3,0,0.0,0.044565462999999972
89.55,1.0,4,0,0.0,0.044565462999999972
89.6,0.0,1,0,0.0,0.044565462999999972
89.65,0.0,2,0,0.0,0.044565462999999972
89.7,0.0,3,0,0.0,0.044565462999999972
89.75,1.0,4,0,0.0,0.044565462999999972
89.8,0.0,1,0,0.0,0.044565462999999972
89.85,0.0,2,0,0.0,0.044565462999999972
89.9,0.0,3,0,0.0,0.044565462999999972
89.95,1.0,4,0,0.0,0.044565462999999972
90.0,0.0,1,0,0.0,0.044565462999999972
90.05,0.0,2,0,0.0,0.044565462999999972
90.1,0.0,3,0,0.0,0.044565462999999972
90.15,1.0,4,0,0.0,0.044565462999999972
90.2,0.0,1,0,0.0,0.044565462999999972
90.25,0.0,2,0,0.0,0.044565462999999972
90.3,0.0,3,0,0.0,0.044565462999999972
90.35,1.0,4,0,0.0,0.044565462999999972
90.4,0.0,1,0,0.0,0.044565462999999972
90.45,0.0,2,0,0.0,0.044565462999999972
90.5,0.0,3,0,0.0,0.044565462999999972
90.55,1.0,4,0,0.0,0.044565462999999972
90.6,0.0,1,0,0.0,0.044565462999999972
90.65,0.0,2,0,0.0,0.044565462999999972
90.7,0.0,3,0,0.0,0.044565462999999972
90.75,1.0,4,0,0.0,0.044565462999999972
90.8,0.0,1,0,0.0,0.044565462999999972
90.85,0.0,2,0,0.0,0.044565462999999972
90.9,0.0,3,0,0.0,0.044565462999999972
90.95,1.0,4,0,0.0,0.044565462999999972
91.0,0.0,1,0,0.0,0.044565462999999972
91.05,0.0,2,0,0.0,0.044565462999999972
91.1,0.0,3,0,0.0,0.044565462999999972
91.15,1.0,4,0,0.0,0.044565462999999972
91.2,0.0,1,0,0.0,0.044565462999999972
91.25,0.0,2,0,0.0,0.044565462999999972
91.3,0.0,3,0,0.0,0.044565462999999972
91.35,1.0,4,0,0.0,0.044565462999999972
91.4,0.0,1,0,0.0,0.044565462999999972
91.45,0.0,2,0,0.0,0.044565462999999972
91.5,0.0,3,0,0.0,0.044565462999999972
91.55,1.0,4,0,0.0,0.044565462999999972
91.6,0.0,1,0,0.0,0.044565462999999972
91.65,0.0,2,0,0.0,0.044565462999999972
91.7,0.0,3,0,0.0,0.044565462999999972
91.75,1.0,4,0,0.0,0.044565462999999972
91.8,0.0,1,0,0.0,0.044565462999999972
91.85,0.0,2,0,0.0,0.044565462999999972
91.9,0.0,3,0,0.0,0.044565462999999972
91.95,1.0,4,0,0.0,0.044565462999999972
92.0,0.0,1,0,0.0,0.044565462999999972
92.05,0.0,2,0,0.0,0.044565462999999972
92.1,0.0,3,0,0.0,0.044565462999999972
92.15,1.0,4,0,0.0,0.044565462999999972
92.2,0.0,1,0,0.0,0.044565462999999972
92.25,0.0,2,0,0.0,0.044565462999999972
92.3,0.0,3,0,0.0,0.044565462999999972
92.35,1.0,4,0,0.0,0.044565462999999972
92.4,0.0,1,0,0.0,0.044565462999999972
92.45,0.0,2,0,0.0,0.044565462999999972
92.5,0.0,3,0,0.0,0.044565462999999972
92.55,1.0,4,0,0.0,0.044565462999999972
92.6,0.0,1,0,0.0,0.044565462999999972
92.65,0.0,2,0,0.0,0.044565462999999972
92.7,0.0,3,0,0.0,0.044565462999999972
92.75,1.0,4,0,0.0,0.044565462999999972
92.8,0.0,1,0,0.0,0.044565462999999972
92.85,0.0,2,0,0.0,0.044565462999999972
92.9,0.0,3,0,0.0,0.044565462999999972
92.95,1.0,4,0,0.0,0.044565462999999972
93.0,0.0,1,0,0.0,0.044565462999999972
93.05,0.0,2,0,0.0,0.044565462999999972
93.1,0.0,3,0,0.0,0.044565462999999972
93.15,1.0,4,0,0.0,0.044565462999999972
93.2,0.0,1,0,0.0,0.044565462999999972
93.25,0.0,2,0,0.0,0.044565462999999972
93.3,0.0,3,0,0.0,0.044565462999999972
93.35,1.0,4,0,0.0,0.044565462999999972
93.4,0.0,1,0,0.0,0.044565462999999972
93.45,0.0,2,0,0.0,0.044565462999999972
93.5,0.0,3,0,0.0,0.044565462999999972
93.55,1.0,4,0,0.0,0.044565462999999972
93.6,0.0,1,0,0.0,0.044565462999999972
93.65,0.0,2,0,0.0,0.044565462999999972
93.7,0.0,3,0,0.0,0.044565462999999972
93.75,1.0,4,0,0.0,0.044565462999999972
93.8,0.0,1,0,0.0,0.044565462999999972
93.85,0.0,2,0,0.0,0.044565462999999972
93.9,0.0,3,0,0.0,0.044565462999999972
93.95,1.0,4,0,0.0,0.044565462999999972
94.0,0.0,1,0,0.0,0.044565462999999972
94.05,0.0,2,0,0.0,0.044565462999999972
94.1,0.0,3,0,0.0,0.044565462999999972
94.15,1.0,4,0,0.0,0.044565462999999972
94.2,0.0,1,0,0.0,0.044565462999999972
94.25,0.0,2,0,0.0,0.044565462999999972
94.3,0.0,3,0,0.0,0.044565462999999972
94.35,1.0,4,0,0.0,0.044565462999999972
94.4,0.0,1,0,0.0,0.044565462999999972
94.45,0.0,2,0,0.0,0.044565462999999972
94.5,0.0,3,0,0.0,0.044565462999999972
94.55,1.0,4,0,0.0,0.044565462999999972
94.6,0.0,1,0,0.0,0.044565462999999972
94.65,0.0,2,0,0.0,0.044565462999999972
94.7,0.0,3,0,0.0,0.044565462999999972
94.75,1.0,4,0,0.0,0.044565462999999972
94.8,0.0,1,0,0.0,0.044565462999999972
94.85,0.0,2,0,0.0,0.044565462999999972
94.9,0.0,3,0,0.0,0.044565462999999972
94.95,1.0,4,0,0.0,0.044565462999999972
95.0,0.0,1,0,0.0,0.044565462999999972
95.05,0.0,2,0,0.0,0.044565462999999972
95.1,0.0,3,0,0.0,0.044565462999999972
95.15,1.0,4,0,0.0,0.044565462999999972
95.2,0.0,1,0,0.0,0.044565462999999972
95.25,0.0,2,0,0.0,0.044565462999999972
95.3,0.0,3,0,0.0,0.044565462999999972
95.35,1.0,4,0,0.0,0.044565462999999972
95.4,0.0,1,0,0.0,0.044565462999999972
95.45,0.0,2,0,0.0,0.044565462999999972
95.5,0.0,3,0,0.0,0.044565462999999972
95.55,1.0,4,0,0.0,0.044565462999999972
95.6,0.0,1,0,0.0,0.044565462999999972
95.65,0.0,2,0,0.0,0.044565462999999972
95.7,0.0,3,0,0.0,0.044565462999999972
95.75,1.0,4,0,0.0,0.044565462999999972
95.8,0.0,1,0,0.0,0.044565462999999972
95.85,0.0,2,0,0.0,0.044565462999999972
95.9,0.0,3,0,0.0,0.044565462999999972
95.95,1.0,4,0,0.0,0.044565462999999972
96.0,0.0,1,0,0.0,0.044565462999999972
96.05,0.0,2,0,0.0,0.044565462999999972
96.1,0.0,3,0,0.0,0.044565462999999972
96.15,1.0,4,0,0.0,0.044565462999999972
96.2,0.0,1,0,0.0,0.044565462999999972
96.25,0.0,2,0,0.0,0.044565462999999972
96.3,0.0,3,0,0.0,0.044565462999999972
96.35,1.0,4,0,0.0,0.044565462999999972
96.4,0.0,1,0,0.0,0.044565462999999972
96.45,0.0,2,0,0.0,0.044565462999999972
96.5,0.0,3,0,0.0,0.044565462999999972
96.55,1.0,4,0,0.0,0.044565462999999972
96.6,0.0,1,0,0.0,0.044565462999999972
96.65,0.0,2,0,0.0,0.044565462999999972
96.7,0.0,3,0,0.0,0.044565462999999972
96.75,1.0,4,0,0.0,0.044565462999999972
96.8,0.0,1,0,0.0,0.044565462999999972
96.85,0.0,2,0,0.0,0.044565462999999972
96.9,0.0,3,0,0.0,0.044565462999999972
96.95,1.0,4,0,0.0,0.044565462999999972
97.0,0.0,1,0,0.0,0.044565462999999972
97.05,0.0,2,0,0.0,0.044565462999999972
97.1,0.0,3,0,0.0,0.044565462999999972
97.15,1.0,4,0,0.0,0.044565462999999972
97.2,0.0,1,0,0.0,0.044565462999999972
97.25,0.0,2,0,0.0,0.044565462999999972
97.3,0.0,3,0,0.0,0.044565462999999972
97.35,1.0,4,0,0.0,0.044565462999999972
97.4,0.0,1,0,0.0,0.044565462999999972
97.45,0.0,2,0,0.0,0.044565462999999972
97.5,0.0,3,0,0.0,0.044565462999999972
97.55,1.0,4,0,0.0,0.044565462999999972
97.6,0.0,1,0,0.0,0.044565462999999972
97.65,0.0,2,0,0.0,0.044565462999999972
97.7,0.0,3,0,0.0,0.044565462999999972
97.75,1.0,4,0,0.0,0.044565462999999972
97.8,0.0,1,0,0.0,0.044565462999999972
97.85,0.0,2,0,0.0,0.044565462999999972
97.9,0.0,3,0,0.0,0.044565462999999972
97.95,1.0,4,0,0.0,0.044565462999999972
98.0,0.0,1,0,0.0,0.044565462999999972
98.05,0.0,2,0,0.0,0.044565462999999972
98.1,0.0,3,0,0.0,0.044565462999999972
98.15,1.0,4,0,0.0,0.044565462999999972
98.2,0.0,1,0,0.0,0.044565462999999972
98.25,0.0,2,0,0.0,0.044565462999999972
98.3,0.0,3,0,0.0,0.044565462999999972
98.35,1.0,4,0,0.0,0.044565462999999972
98.4,0.0,1,0,0.0,0.044565462999999972
98.45,0.0,2,0,0.0,0.044565462999999972
98.5,0.0,3,0,0.0,0.044565462999999972
98.55,1.0,4,0,0.0,0.044565462999999972
98.6,0.0,1,0,0.0,0.044565462999999972
98.65,0.0,2,0,0.0,0.044565462999999972
98.7,0.0,3,0,0.0,0.044565462999999972
98.75,1.0,4,0,0.0,0.044565462999999972
98.8,0.0,1,0,0.0,0.044565462999999972
98.85,0.0,2,0,0.0,0.044565462999999972
98.9,0.0,3,0,0.0,0.044565462999999972
98.95,1.0,4,0,0.0,0.044565462999999972
99.0,0.0,1,0,0.0,0.044565462999999972
99.05,0.0,2,0,0.0,0.044565462999999972
99.1,0.0,3,0,0.0,0.044565462999999972
99.15,1.0,4,0,0.0,0.044565462999999972
99.2,0.0,1,0,0.0,0.044565462999999972
99.25,0.0,2,0,0.0,0.044565462999999972
99.3,0.0,3,0,0.0,0.044565462999999972
99.35,1.0,4,0,0.0,0.044565462999999972
99.4,0.0,1,0,0.0,0.044565462999999972
99.45,0.0,2,0,0.0,0.044565462999999972
99.5,0.0,3,0,0.0,0.044565462999999972
99.55,1.0,4,0,0.0,0.044565462999999972
99.6,0.0,1,0,0.0,0.044565462999999972
99.65,0.0,2,0,0.0,0.044565462999999972
99.7,0.0,3,0,0.0,0.044565462999999972
99.75,1.0,4,0,0.0,0.044565462999999972
99.8,0.0,1,0,0.0,0.044565462999999972
99.85,0.0,2,0,0.0,0.044565462999999972
99.9,0.0,3,0,0.0,0.044565462999999972
99.95,1.0,4,0,0.0,0.044565462999999972
